tag,label,count
0,ecofriendly,19
1,cleanenergy,26
2,plantpower,9
3,environmentalist,21
4,global,14
5,saveourplanet,14
6,mothernaturerocks,10
7,conservation,73
8,savetheworld,14
9,environmental,33
10,solarpower,33
11,everydayclimatechange,1736
12,pollution,77
13,savetheplanet,25
14,ecotourism,9
15,environment,211
16,climatechange,733
17,arctic,49
18,climate,153
19,renewableenergy,41
20,preservation,10
21,globalwarming,380
22,warming,10
23,endangered,11
24,renewable,21
25,eco,14
26,sustainableliving,14
27,environmentallyfriendly,9
28,motherearth,10
29,westcoast,3
30,portland,1
31,broadmag,3
32,everydayusa,4
33,istillshootfilm_official,2
34,6x6,1
35,metroimaging,3
36,oregon,5
37,pnw,2
38,mediumformat,7
39,rentalmag,6
40,kodakportra,2
41,rolleiflex,2
42,californiadrought,2
43,filmsnotdead,4
44,westcoastbestcoast,2
45,metroprint,3
46,pdx,1
47,california,17
48,analogphotography,5
49,analog,3
50,thefilmcommunity,2
51,documentaryphotography,57
52,environmentalportrait,1
53,everydayeverywhere,298
54,pacificnorthwest,3
55,fisheyelemag,2
56,kurdistan,20
57,sociallensmag,6
58,lensculture,38
59,instagram,115
60,bukan,2
61,iran,52
62,hikaricreative,88
63,roozdaily,5
64,everydayiran,46
65,middleeast,4
66,lenspersia,2
67,blackandwhitephotography,28
68,reportagespotlight,230
69,outofthephone,89
70,akasimagazine,45
71,streetphotographers,39
72,aksiine,3
73,waterwars,1
74,mulhollanddrive,1
75,hollywood,2
76,cityscape,13
77,metropolis,2
78,losangeles,1
79,hasselblad,13
80,lynchian,1
81,landscape,131
82,urbanglow,1
83,laurelcanyon,1
84,nightphotography,7
85,kaahcollective,1
86,agriculture,6
87,photojournalism,251
88,monoart,3
89,instablackandwhite,1
90,earth,52
91,myfeatureshoot,40
92,everydaykhouzestan,1
93,nikon_dslr_users,1
94,⁄©ÿ¥ÿßŸàÿ±ÿ≤€å,1
95,one_shot_,2
96,uncoveriran,34
97,contactlens,1
98,faces_of_streets,1
99,ÿÆŸàÿ≤ÿ≥ÿ™ÿßŸÜ,1
100,documentary,198
101,lcexposure,1
102,picoftheday,42
103,streetphotography,141
104,gettyreportage,44
105,sky,35
106,mahzenphotos,1
107,ganges,3
108,river,20
109,everydayindia,94
110,water,109
111,asia,78
112,india,107
113,flood,23
114,saveourforest,5
115,saveourearth,5
116,congobasin,1
117,rainforest,17
118,drc,1
119,deforestation,51
120,actonclimate,57
121,rdc,1
122,reforestation,9
123,igers_all_americas,4
124,escobarmora,7
125,igerscolombia,4
126,latinamerica,9
127,everydaylatinamerica,124
128,mobilephotography,18
129,bogot√°,1
130,everydaymacondo,14
131,ig_latinoamerica_,72
132,colombia,20
133,one__shot__,6
134,igers,11
135,igersamerica,4
136,alaska,28
137,seenandunseen,3
138,newtok,10
139,screenprinting,1
140,artofinstagram,3
141,letsgosomewhere,1
142,exploretocreate,32
143,fujifilmx_us,1
144,xt1,1
145,southamerica,19
146,rei1440project,2
147,visitsouthamerica,2
148,peru,8
149,cordillerablanca,1
150,forestfire,3
151,thegreatoutdoors,7
152,printsnotdead,1
153,landscapephotography,45
154,westcoastlife,1
155,mounthoodnationalforest,1
156,forest,20
157,landscapelovers,1
158,intothewild,1
159,liveoutdoors,2
160,outdoorprojext,1
161,wilderness,3
162,friendsinperson,81
163,cultureir,37
164,instaven,81
165,instalovenezuela,21
166,streetphotovenezuela,86
167,people_infinity,13
168,ig_color,23
169,streetcolor,20
170,streetsgrammer,25
171,elnacionalweb,6
172,photography,202
173,myspc17,58
174,life_is_street,38
175,lensculturestreets,83
176,spicollective,100
177,rmtf,83
178,ig_venezuelan_pro,87
179,urbanocity,14
180,documentaryphoto,29
181,everybodystreet,104
182,ig_venezuela,31
183,colorphotography,24
184,instavenezuela,19
185,photodocumentary,30
186,life,77
187,nature,175
188,natgeoearthday,26
189,tybitto,17
190,fire,33
191,people,49
192,dailylifeindia,26
193,indiaclicks,8
194,agameoftones,10
195,ic_nature,4
196,ngtdailyshot,16
197,jj_florals,1
198,flowerstagram,1
199,colourpop,1
200,moodygrams,9
201,skyphotography,3
202,flowers,10
203,artofvisuals,14
204,summer,36
205,ic_trees,1
206,jj_light,1
207,nikonphotography,5
208,igersofindia,7
209,lonelyplanetindia,6
210,rsa_light,3
211,india_ig,6
212,naturephotography,28
213,bloomseason,1
214,indiaphotoproject,27
215,infamous_family,1
216,rsa_flowers,1
217,isaweverydayclimatechange,1
218,outdoorexhibition,4
219,objectifs,5
220,bushburning,1
221,enviroment,12
222,northernghana,3
223,farming,11
224,hunting,1
225,ghana,15
226,everydaypeople,1
227,zinyange,1
228,seed,1
229,everydayzimbabwe,1
230,everydayafrica,86
231,umzingwane,1
232,positivetalk,1
233,himalayas,6
234,zanskar,1
235,climatechangeisreal,179
236,keepborneowild,1
237,sargazo,1
238,leonardodicaprio,22
239,drought,110
240,amazonwatch,3
241,greenpeace,53
242,maasai,6
243,unfccc,3
244,tansania,7
245,wwf,26
246,350org,8
247,janegoodallinstitute,3
248,janegoodall,3
249,afrika,6
250,aceh,34
251,streetphoto,6
252,1000kata,63
253,dailylife,126
254,pewartafotoindonesia,58
255,creativeimagemagazine,40
256,indonesia,66
257,boukan,13
258,dryseason,2
259,fulani,1
260,volta,1
261,cielo,1
262,heaven,4
263,micalidoscopio,2
264,cali,5
265,climateimpacts,1
266,everyday,3
267,belize,1
268,forestproject,3
269,saverainforest,3
270,sukuanakdalam,3
271,orangrimba,3
272,tokyo,5
273,extremeweather,5
274,japan,6
275,photoreportage,55
276,marcha,23
277,agenciazur,25
278,streetphotographer,71
279,caracas,67
280,ciudad_ve,37
281,fotoperiodismo,25
282,venezuela,74
283,ig_caracas_,55
284,hub_ve,71
285,ccs_entrecalles,55
286,labellalibertad,55
287,ccs,51
288,photojournalist,82
289,street_people,45
290,oposicion,22
291,10a,7
292,fotografia,43
293,love,24
294,earthlovers,1
295,instadaily,27
296,sun,26
297,instagood,49
298,green,32
299,veganlove,1
300,liveauthentic,18
301,fruits,1
302,learnfromthebest,1
303,livefolk,2
304,greenyourlife,1
305,nofilter,9
306,breathelife,1
307,ourplanetdaily,38
308,veggie,3
309,climateaction,45
310,veganrecipes,1
311,beauty,11
312,trashisfortossers,1
313,veganfit,1
314,savemoney,1
315,work,6
316,ismail,1
317,buffalo,1
318,train,2
319,plan,1
320,hugs,1
321,spring,15
322,animal,7
323,ecoschoolcamp,1
324,sustainabledevelopmentgoals,1
325,africa,37
326,researchdevelopment,1
327,ecology,55
328,kumasi,2
329,tamale,2
330,ecoschools,5
331,accra,7
332,akosombo,4
333,ecoschoolsresearchcamp,1
334,globalcitizen,1
335,curricula,1
336,sdg,6
337,tema,1
338,globalgoals,3
339,gasmask,2
340,masked,2
341,ecological,3
342,nodapl,8
343,wanderlust,30
344,noonecanseeyoucrybehindthemask,1
345,mask,5
346,cree,1
347,postapocalyptic,1
348,ecowarrior,2
349,inspirational,2
350,digitalnomad,2
351,travellingphotographer,2
352,ecologicalawareness,2
353,surrendertonature,1
354,natgeo,140
355,indiafellow,4
356,outdoorjournal,1
357,icestupaartificialglacier,4
358,indiaphotostory,2
359,ladakh,4
360,neverstopexploring,18
361,volunteer,33
362,getoutside,6
363,outdoor,2
364,explore,9
365,earthpix,11
366,travelphotography,55
367,incredibleindia,8
368,camp4pix,4
369,travelgram,33
370,glacier,19
371,noorimages,2
372,dailyphoto,17
373,1415mobilephotographers,41
374,helloicp,34
375,1415mp,34
376,streetlife_award,34
377,medailylife,44
378,phmuseum,33
379,everydayazb,35
380,tabriz,32
381,myfeatureshot,36
382,everydaymiddleeast,95
383,burnmagazine,40
384,everydaybakhish,24
385,ig_persia,34
386,routinism,34
387,everydaytabriz,34
388,bnw_planet,46
389,1415iran,36
390,uspiran,36
391,storiesthatmatter,9
392,regrann,16
393,cityfarming,4
394,rice,4
395,somalia,34
396,handsinframe,3
397,womenphotojournalism,23
398,holdinghands,2
399,thatsdarling,3
400,lenscultureportraits,21
401,acolorstory,24
402,visualsgang,2
403,justbackfrom,42
404,somaliland,43
405,mycanon,49
406,canonphotos,48
407,hiking,9
408,wanderer,7
409,instagramers,8
410,clean,3
411,minimalism,5
412,wildlife,18
413,reasontoroam,2
414,beachsurf,6
415,standupagainstpollution,6
416,canon_photos,14
417,mysummerlookslike,6
418,afterlight,2
419,like,31
420,plastic,12
421,igmasters,11
422,recycle,22
423,aussie,6
424,naturevictoria,6
425,minimalist,2
426,candyminimal,2
427,findyourpark,2
428,glaciernationalpark,1
429,nps,1
430,rockymountains,2
431,usgs,1
432,repost,111
433,aminbayani,2
434,urmialake,1
435,revue6mois,1
436,6mois,1
437,womensrights,2
438,bangladesh,35
439,womenandgirls,3
440,waterislife,28
441,caspianseaproject,9
442,documentryphotography,9
443,socialmedia,9
444,bnw_life,12
445,gilan,1
446,socialissues,10
447,everydayasia,57
448,contemporaryissues,9
449,everydayrussia,9
450,caspiansea,10
451,bnw,46
452,hawraman,1
453,dceff,1
454,mining,7
455,globalhealth,2
456,tomtomfest,1
457,viiphoto,1
458,riverofgold,2
459,christina,8
460,canonphoto,11
461,cairo,39
462,black,13
463,man,10
464,blackwhite,12
465,natgeotravel,65
466,photooftheday,119
467,everydaycairo,56
468,christmas,9
469,christians,8
470,everydayegypt,58
471,blackandwhite,54
472,blackandgrey,12
473,egypt,51
474,dailynewsegypt,14
475,climatechangephilippines,3
476,storyportrait,1
477,girlpower,2
478,colorcrush,14
479,portrait,46
480,portraitphotography,21
481,postmoreportraits,1
482,dametraveler,3
483,girlfriends,1
484,commontable,1
485,feedfeed,1
486,ig_world_colors,1
487,8abril,7
488,pristina,2
489,prishtina,2
490,clouds,19
491,kosovocoal,2
492,kosovo,6
493,air,6
494,solidarityforkendeng,5
495,sol,1
496,manizales,1
497,miravfotoperiodismo,1
498,mirav,1
499,exhibition,11
500,singapore,11
501,kashmir,4
502,eyeem,1
503,treeism,1
504,seeyanever,1
505,cnnireport,1
506,resourcemag,1
507,gogreen,21
508,yourshotphtogrpher,1
509,ajeinpictures,8
510,treeoflife,2
511,huffpostgram,1
512,huffpostravel,1
513,psa_photo,1
514,guardiantravelsnaps,2
515,weareexplorers,13
516,sustainable,37
517,lifeofadventure,14
518,travel,138
519,borneo,20
520,offthegrid,13
521,vlog,11
522,kalimantan,18
523,happy,10
524,startwith1thing,18
525,tanjungputing,18
526,natgeowild,23
527,rensta,1
528,environmentalism,9
529,discover,1
530,amazon,18
531,amazondeforestation,6
532,fact,1
533,brazil,12
534,viaggio,1
535,amapa,3
536,tourist,1
537,amazonrainforest,12
538,trees,44
539,6abril,5
540,api,2
541,parasites,2
542,magnoliatree,1
543,animals,10
544,pesticides,2
545,profumodiprimavera,2
546,honey,2
547,capturethemoment,2
548,flyaway,2
549,figtree,2
550,springisintheair,2
551,yourshotphotographer,35
552,capturedmoment,3
553,inquinamento,2
554,primavera,2
555,peonies,1
556,wisteria,1
557,honeybee,2
558,colorshots,2
559,quincetree,1
560,pollination,2
561,bees,2
562,streetphotos,2
563,tedgrambeau,72
564,opensociety,4
565,slugsaver,8
566,sculpey,8
567,slugsavers,8
568,handmade,28
569,actnow,13
570,pinkslug,8
571,thepinkslug,8
572,kaputar,8
573,norway,12
574,streetart,10
575,abajoladictadura,2
576,demandclimateaction,1
577,tropicice,7
578,placesofclimatechangeindialog,7
579,serengeti,2
580,photo,72
581,adventureisoutthere,3
582,frozenplanet,3
583,norge,3
584,igersarctic,4
585,millennium_images,3
586,ice,20
587,svalbard,16
588,adventure,5
589,mountains,20
590,photographer,14
591,igerssvalbard,3
592,cold,9
593,spitsbergen,16
594,polar,13
595,ig_svalbard,3
596,malindi,1
597,tbt,36
598,kenyaüá∞üá™,1
599,mossy,1
600,starlet,1
601,lumut,1
602,ftwwne,1
603,featurepalette,1
604,tangledinfilm,1
605,sonyalpha,4
606,rsa_nature,1
607,bravogreatphoto,1
608,humanity_shots_,1
609,discoverportrait,1
610,mossyoak,1
611,createcommune,13
612,moodyports,1
613,moss,1
614,visualgang,2
615,500px,5
616,thevisualvogue,1
617,bleachmyfilm,1
618,religion,2
619,magnumfoundation,3
620,shotaward,9
621,wintertime,9
622,scenery,9
623,timetoplay,9
624,longexposurephotography,10
625,explorer,7
626,landscape_specialist,9
627,whatitalyis,9
628,exklusive_shot,10
629,earthfocus,12
630,alps,10
631,exploreeverything,17
632,ig_piemonte,9
633,landscapelover,10
634,illgrammers,8
635,lightpainting,7
636,fatalframes,9
637,ig_italy,9
638,scatto_italiano,8
639,alpine,9
640,outdoors,34
641,sealevel‚ûï,12
642,igworldclub,9
643,currumbin,5
644,australiassw,1
645,visitgoldcoast,8
646,surfphotography,22
647,thisiswa,2
648,destinationgoldcoast,1
649,waterphotography,3
650,ilovesydney,1
651,madeofocean,2
652,liveyourdream,3
653,homestyling,1
654,seeaustralia,7
655,currumbinbeach,5
656,interiordesignsydney,1
657,naturelovers,29
658,oceanphotography,15
659,artmonthsydney,1
660,discoverocean,1
661,sealevel,14
662,justanotherdayinwa,1
663,thisisqueensland,4
664,biodiversity,13
665,arecaceae,1
666,amazonaid,2
667,samabell,2
668,forests,21
669,walkingpalm,1
670,manunationalpark,1
671,siembra,1
672,revolution,2
673,tierra,1
674,sostenibilidad,1
675,permacultura,1
676,terra,1
677,cosecha,1
678,gowiththeflow,1
679,stateofemergency,1
680,saveperu,1
681,ocean,36
682,mothernature,9
683,loveandlight,1
684,consciousness,2
685,solidarity,2
686,desertlife,2
687,lobitos,1
688,wildernessculture,16
689,pachamama,1
690,awareness,4
691,freepeople,1
692,pacificocean,1
693,sunset,31
694,inspire,1
695,rain,13
696,infectiousdisease,1
697,film,8
698,journalism,2
699,zika,1
700,pregnancy,1
701,pr,1
702,zikavirus,1
703,calderra,2
704,samosir,2
705,ishotmanual,2
706,laketoba,2
707,tiltlens,2
708,minoltalens,2
709,protestwithart,1
710,natgeocreative,42
711,visualsoflife,76
712,hillside,2
713,minoltaf12,2
714,sonyalpha_id,2
715,tiltedkilt,2
716,tiltshift,2
717,sonya7,2
718,sonyimages,4
719,vintagelens,2
720,manuallens,2
721,tilting,2
722,seadjambi,1
723,jungle,6
724,tribe,1
725,primitive,2
726,jambi,2
727,4abril,1
728,usa,41
729,vscofeature,8
730,gaia,9
731,ig_worldtravelshot,8
732,natgeotravelpic,43
733,yourshot,9
734,ornithology,1
735,slowjournalism,8
736,beaks,1
737,library,1
738,instaearth,8
739,birdsofinstagram,8
740,birder,2
741,archives,2
742,vscocam,30
743,naturalhistory,1
744,adaptation,2
745,greatsaltlake,7
746,illustration,1
747,art,63
748,nationalgeographicindonesia,3
749,exploresemarang,3
750,sunrise,32
751,beautyfulplace,3
752,semarang,3
753,whodoesntbelieve,3
754,hangoutsemarang,3
755,power,6
756,germany,4
757,factory,2
758,plant,10
759,industrial,6
760,coal,11
761,berlin,2
762,kraftwerk,1
763,tuesdaythoughts,1
764,thinkgreen,2
765,oneearth,4
766,changeispossible,1
767,latenightthoughts,1
768,aboriginal,1
769,tommasomeli,1
770,sarawak,1
771,penan,1
772,malaysia,4
773,native,1
774,warriors,1
775,reportage,34
776,lenscultureportrait,2
777,nationalpark,11
778,naturalistic,1
779,nopalmoil,1
780,logging,2
781,minorities,1
782,palmoil,17
783,natgeoyourshot,12
784,gideonmendel,1
785,picture,1
786,kfwstories,1
787,change,16
788,sea,25
789,storms,1
790,klimawandel,2
791,kfw,1
792,drowningworld,1
793,oceans,3
794,pic,4
795,instapic,38
796,world,12
797,floods,14
798,st√ºrme,1
799,pink,10
800,hot,10
801,hagen,1
802,trondheim,3
803,camarinesnorte,1
804,artisanal,1
805,onassignment,23
806,everydayphilippines,18
807,philippines,11
808,morning,12
809,light,8
810,fog,7
811,moment,3
812,street_icp,10
813,streettogs,8
814,bw_best,10
815,photojournalismph,9
816,ricohgrii,9
817,litratistasadaan,10
818,pentaxph,9
819,ig_pilipinas,10
820,human_street_life,10
821,fotografiaunited,10
822,themetropolitanchronicles,9
823,litratongpinoy,10
824,kalyegraphy,10
825,wearethestreet,12
826,stunningbnw,10
827,nothinglesstosee,2
828,ukraine,41
829,dnipro,1
830,landscapestylegf,15
831,southpole,15
832,travelwithquark,10
833,landscape_lovers,28
834,antarctica,30
835,loves_landscape,15
836,landscape_captures,27
837,iceberg,14
838,bns_landscape,15
839,everydayaze,8
840,mazandaran,5
841,dynamicafrica,5
842,worldnomads,2
843,igtravel,5
844,famine,14
845,kenya,5
846,balkencollective,1
847,nikon,16
848,fisheyemag,1
849,worldtravelbook,1
850,ig_street,1
851,news,6
852,peoplescreatives,2
853,magnumphotos,7
854,summerof2017,1
855,kerala,2
856,thekkady,1
857,flowershow,1
858,waterscarcity,1
859,shaibaba2017,1
860,mannequin,1
861,livecolorfully,1
862,canon5dmarkiii,69
863,dametraveller,2
864,mytinyatlas,2
865,nothingisordinary,1
866,calledtobecreative,1
867,women,10
868,welltravelled,2
869,vsco,46
870,thecolorshift,1
871,safewater,20
872,bnw_demand,11
873,tinycollective,1
874,flakphotorecs,5
875,superhubs_370,1
876,bnwsouls,1
877,emahomagazine,1
878,perthisok,2
879,westernaustralia,3
880,thisisperth,2
881,perthisokay,2
882,pastoralism,20
883,9,1
884,seascape,14
885,greatmigration,1
886,frankfurterinstitution,1
887,bernhardgrizmek,1
888,docudays2017,3
889,docudaysua,78
890,colorado,2
891,fisherman,4
892,phonephotography,20
893,tuna,1
894,drawing,7
895,cucumbers,2
896,kheyti,3
897,india_gram,11
898,stanford,3
899,smallfarmers,1
900,farmers,4
901,socialenterprise,3
902,socialentrepreneurship,3
903,northwestern,3
904,development,5
905,ckvoyage,3
906,jogjaningratan,2
907,agua,6
908,suram√©rica,9
909,villaalemana,1
910,comunidades,1
911,quillota,1
912,termoel√©ctrica,1
913,savewater,11
914,pe√±ablanca,1
915,despertarsocial,1
916,limache,1
917,gofree,8
918,medioambiente,5
919,chile,10
920,docudaysua2017,4
921,childlabour,1
922,bhagirathi,1
923,expedition,4
924,natureaddict,4
925,natureonly,4
926,snow_perfection,4
927,expeditionearth,4
928,adventureculture,4
929,naturegeography,4
930,big_shotz,4
931,mytravelgram,5
932,worldcaptures,4
933,polartravel,4
934,landscapephotos,4
935,ig_worldclub,4
936,ig_naturelovers,4
937,adventureinyou,4
938,worldplaces,4
939,globewanderer,4
940,travelingram,16
941,nature_seekers,4
942,ngo,17
943,instasaveapp,1
944,greenpeaceindonesia,12
945,wwf_id,12
946,racingextinction,16
947,orangutan,11
948,plantations,5
949,guatemala,4
950,guaterecicla,2
951,reciclaje,6
952,reusar,1
953,unmundodedetallesyalgomas,1
954,decoracion,1
955,decoracionenmadera,6
956,jeffreysachs,1
957,economy,1
958,sustainabledevelopment,10
959,nikaart,5
960,eveningvibes,1
961,lolphoto,1
962,cloudatlas,1
963,asperitas,3
964,mthrworld,1
965,streetphotographyindia,4
966,redface,1
967,flame,1
968,fallfoliage,1
969,dawndotcom,2
970,winter,32
971,autumn,2
972,indiaphotosociety,3
973,aubemerge,1
974,warm,4
975,indiapictures,24
976,frame,1
977,potrait,1
978,picturepakistan,1
979,photostories,3
980,eyesonkashmir,1
981,boojs,2
982,glaciers,19
983,mystopover,6
984,blacksandbeach,2
985,melting,2
986,thaw,1
987,jokusarlon,2
988,blurry,2
989,blur,3
990,dogood,10
991,sustainability,19
992,sunflowers,2
993,afforestation,9
994,ecosystemregeneration,9
995,ecosystemregenerationworldwide,9
996,ecosystemrestoration,9
997,regeneration,9
998,rg,33
999,regram,37
1000,bookshelf,1
1001,airquality,2
1002,poison,1
1003,monsanto,1
1004,blossom,2
1005,igersbourgogne,1
1006,igersfrance,1
1007,mybourgogne,1
1008,centrodorio,1
1009,everydaybrasil,5
1010,brasil,3
1011,riodejaneiro,1
1012,affordability,2
1013,village,8
1014,travelindia,2
1015,culture,9
1016,design,3
1017,tradition,1
1018,ashoka,1
1019,cucumber,1
1020,greenhouses,1
1021,undulatusaspertus,2
1022,formation,2
1023,jogja,1
1024,yogyakarta,7
1025,cloudsatlas,1
1026,city,8
1027,urban,9
1028,notnormal,1
1029,libellule,1
1030,irvingpenn,1
1031,dragonfly,1
1032,87degrees,1
1033,abielle,1
1034,bumblebee,1
1035,stopit,1
1036,obama,2
1037,naturalnewyork,1
1038,trumpnation,1
1039,splendidearth,1
1040,trump,4
1041,nottoday,1
1042,listen,1
1043,savetheriver,1
1044,think,2
1045,epa,2
1046,lookingup,1
1047,discoverearth,2
1048,progress,3
1049,denial,1
1050,science,19
1051,leadbyexample,1
1052,desert,22
1053,toldwithexposure,36
1054,natgeohub,23
1055,masai,6
1056,livestock,3
1057,ic_landscapes,37
1058,apocalypse,2
1059,reframeclimate,33
1060,dust,34
1061,followmetoo,34
1062,desertification,35
1063,school,3
1064,morogoro,4
1065,rainyseason,1
1066,tanzania,17
1067,solutionsjournalism,1
1068,droughts,9
1069,medill,1
1070,telangana,2
1071,innovation,1
1072,color,21
1073,streetlife,9
1074,lugares,16
1075,metrodecaracas,9
1076,street_photo_club,6
1077,gramslayers,11
1078,vzla,20
1079,rural_love,1
1080,Âçó„Ç¢„Ç∏„Ç¢,3
1081,ÊôØË¶≥,3
1082,everydaylife,5
1083,Ëæ≤Êùë,1
1084,Ëæ≤ÂÆ∂,1
1085,Êó•Â∏∏ÁîüÊ¥ª,1
1086,southasia,7
1087,herding,1
1088,shamirpet,1
1089,goats,2
1090,tree,30
1091,pineaaple,1
1092,artworld,4
1093,palm,4
1094,artist,35
1095,stcroix,2
1096,ink,2
1097,babana,1
1098,coconut,6
1099,contemporary,2
1100,nikolinakovalenko,2
1101,painting,8
1102,leaf,3
1103,onpaper,2
1104,interiordesign,7
1105,organic,2
1106,natuforrestproject,1
1107,babirusa,1
1108,lynnclayton,1
1109,forrest,1
1110,archive,1
1111,sulawasi,1
1112,photoedit,1
1113,saynotoplastic,1
1114,cinema,1
1115,festival,2
1116,kyiv,6
1117,docudays,3
1118,1940,1
1119,watercrisis,10
1120,worldwaterday,12
1121,centraljava,2
1122,dirtyenergy,2
1123,stopcoal,2
1124,tedgrambeaugallery,28
1125,pickitupsnapitshareit,1
1126,take3forthesea,2
1127,indian,1
1128,assam,9
1129,char,1
1130,journey,1
1131,dhubri,1
1132,story,2
1133,photoseries,1
1134,sunset_pics,1
1135,sunsetgram,1
1136,quarkexpeditions,16
1137,sunset_ig,1
1138,argentina,9
1139,antarcticaadventure,1
1140,cambodia,10
1141,environmentalart,3
1142,saveatree,2
1143,stamp,2
1144,illegallogging,2
1145,fingerprint,2
1146,womenshistorymonth,1
1147,peoplesclimate,1
1148,fracking,2
1149,womeninfilm,1
1150,hope,4
1151,mom,2
1152,parents,1
1153,mininalism,4
1154,woodart,5
1155,recycleddesign,5
1156,woodworking,5
1157,minimalista,2
1158,interiordecor,5
1159,palette,5
1160,minimaldesign,2
1161,reuse,11
1162,dise√±odeinteriores,5
1163,reusa,5
1164,recycledwood,5
1165,artesanal,5
1166,recycled,5
1167,greenland,3
1168,streetphoto_color,1
1169,history,1
1170,rsa_street,1
1171,rsa_travel,1
1172,lakemichigan,19
1173,resist,7
1174,trumpsy,2
1175,dawn,12
1176,chicago,18
1177,sendinglove,13
1178,showyourtaxes,6
1179,nationalgeographicthailand,1
1180,sparkyourselves,1
1181,climatechangeimpact,4
1182,natgeoegypt,20
1183,thisisegypt,20
1184,checkoutegypt,29
1185,seeourworldnow,20
1186,alexandria,3
1187,panorama,1
1188,phonography,3
1189,egyptüá™üá¨,1
1190,sand,2
1191,delhi,5
1192,rainfall,1
1193,newdelhi,1
1194,sanddredging,2
1195,summicron35,2
1196,leica,5
1197,instamagazine_,2
1198,children,8
1199,sonya7rii,2
1200,sandmining,2
1201,beach,15
1202,beautiful,9
1203,mountain,8
1204,mallorcaisland,1
1205,vacations,1
1206,inlovewithourplanet,1
1207,mallorca,1
1208,spain,3
1209,sunnyday,2
1210,oceanview,1
1211,mediterraneansea,1
1212,holidays,2
1213,yeswecan,1
1214,changetheworld,1
1215,globalclimatechange2015,3
1216,ethiopia,9
1217,keeporegongreen,1
1218,pacificrivers,1
1219,currency,1
1220,divestment,1
1221,changeiscoming,1
1222,money,1
1223,campaigners,1
1224,poundcoin,1
1225,brighterdays,1
1226,keepitclean,1
1227,brighterfuture,1
1228,newpoundcoin,1
1229,moneymoneymoney,1
1230,thetelegraph,1
1231,wwfid,1
1232,fishermen,10
1233,kodak_photo,1
1234,sansalvador,1
1235,panam,1
1236,comeandsee,1
1237,morninglight,2
1238,cables,1
1239,elsalvador,1
1240,carro,1
1241,bus,2
1242,centralamerica,1
1243,struggle,1
1244,traffic,3
1245,jonnybell,1
1246,multipleexposures,1
1247,multipleexposure,1
1248,iceland,6
1249,disappearance,3
1250,hereandnow,1
1251,macatofamily,1
1252,balitravel,1
1253,traveltheworld,3
1254,bali,2
1255,explorecreateshare,1
1256,motherlove,1
1257,3growingsouls,1
1258,travelingourplanet,1
1259,balicili,1
1260,macatotravels,1
1261,travelindonesia,1
1262,unep,4
1263,familytravel,1
1264,architecturephoto,2
1265,beautifuldestinations,19
1266,unfcc,1
1267,exploreheaven,1
1268,binduislivelovetravelwork,1
1269,u4humanrights,9
1270,pvchr,6
1271,everydaychildhood,6
1272,jharia,3
1273,greenpeaceuk,2
1274,ghostforest,3
1275,ev,1
1276,hesterthebike,9
1277,america,16
1278,renewablefuture,9
1279,renewables,21
1280,fossilfuels,11
1281,bookstagram,1
1282,coffeetime,1
1283,coffeelover,1
1284,tybittoo,3
1285,january2017,7
1286,mobilephoto,3
1287,smartphone,13
1288,onasignment,1
1289,xiomi,6
1290,people_infinityk,1
1291,livelihoods,1
1292,resilience,3
1293,internationaldevelopment,1
1294,climateforce,1
1295,humans,2
1296,greenalgae,1
1297,sewagewaste,1
1298,plantain,1
1299,ecoschoolgarden,1
1300,gardening,1
1301,education,5
1302,foodproduction,1
1303,mais,1
1304,nohunger,1
1305,un,4
1306,refugees,1
1307,progressive,1
1308,donalddump,1
1309,alternativefacts,2
1310,proudliberal,1
1311,grassroots,1
1312,strongertogether,1
1313,natureisspeaking,2
1314,smog,25
1315,china,23
1316,feelthebern,1
1317,earthhour,11
1318,wearethemedia,1
1319,activist,3
1320,airpollution,36
1321,socialdemocrat,1
1322,‚úä,1
1323,child,6
1324,childishgambino,3
1325,swing,1
1326,swinger,1
1327,nonprofit,6
1328,reflections,4
1329,britishcolumbia,1
1330,sierraclub,1
1331,canadianrockies,1
1332,canadaüá®üá¶,1
1333,idlenomore,1
1334,beeldskoon,1
1335,berglakebackpacking,1
1336,nationalgeo,1
1337,lake,8
1338,goodbye,1
1339,myclimateaction,3
1340,stopprocrastinating,1
1341,sad,3
1342,nationalgeographic,14
1343,lovenature,2
1344,oneplanet,7
1345,mtrobsobprovincialpark,1
1346,gunnisonisland,4
1347,pelicans,4
1348,remotecameras,1
1349,remoteisland,4
1350,utah,7
1351,birds,15
1352,research,7
1353,vscoua,1
1354,vscopic,1
1355,kiev,4
1356,vscoart,1
1357,klimaatverandering,7
1358,donateur,2
1359,hoop,6
1360,goededoelen,2
1361,zimbabwe,2
1362,help,11
1363,toekomst,7
1364,ontwikkelingshulp,2
1365,el_ni√±o,7
1366,overstromingen,6
1367,webstapick,2
1368,goeddoel,2
1369,donatie,2
1370,oxfam,6
1371,droogte,6
1372,photoexhibition,5
1373,eviroment,2
1374,—Å–∞–¥–æ–∫–Ω–∞docudaysua2017,1
1375,facekini,2
1376,jameswhitlowdelano,3
1377,docuclass,1
1378,–∫–ª—ñ–º–∞—Ç,7
1379,wwfukraine,2
1380,–±—É–¥–∏–Ω–æ–∫–∫—ñ–Ω–æ,1
1381,–∑–º—ñ–Ω–∏–∫–ª—ñ–º–∞—Ç—É,1
1382,–Ω–∞—Ñ—Ç–∞,1
1383,ecooko,32
1384,–¥–æ–º–∫–∏–Ω–æ,1
1385,dubai,3
1386,aquarium,1
1387,latergram,6
1388,whywastewater,2
1389,uae,3
1390,thepalm,1
1391,volunteering,2
1392,surf,12
1393,mynikonlife,9
1394,surfing,12
1395,manfrotto,2
1396,surfinglife,11
1397,surferphotos,9
1398,aquatech,4
1399,fnpf,4
1400,auroraborealis,1
1401,aurora,2
1402,changeclimatechange,5
1403,earthhour2017,2
1404,romania,1
1405,yourplanet,1
1406,bucharest,1
1407,lightsout,1
1408,eh2017,1
1409,lightsoff,1
1410,unicef,1
1411,ada,1
1412,prampram,1
1413,bolga,1
1414,takoradi,1
1415,biking,8
1416,bicycling,8
1417,cycletouring,8
1418,bicycletouring,8
1419,worldbybike,8
1420,cycling,8
1421,activetransport,8
1422,4degrees,1
1423,filmfestival,4
1424,humanrights,9
1425,rightsnow,1
1426,energy,18
1427,to,1
1428,ecosystem,8
1429,renewablesources,2
1430,human,5
1431,greenery,8
1432,chance,1
1433,cropburning,2
1434,last,1
1435,article,3
1436,inhuman,1
1437,sanitation,3
1438,switchoff,1
1439,waremakers,1
1440,puerta,1
1441,diaria,1
1442,bokashi,1
1443,everydaymexico,6
1444,puebla,2
1445,indoors,1
1446,mivecino,1
1447,cholula,1
1448,house,4
1449,cholulapueblomagico,1
1450,home,5
1451,trabajodigno,1
1452,pueblo,1
1453,biol,1
1454,doors,2
1455,casa,1
1456,mexicanlife,1
1457,contrast,2
1458,m√©xico,1
1459,vida,5
1460,lifeintroubledwaters,1
1461,sealevelrise,21
1462,dec,3
1463,charitysunday,3
1464,savethechildren,3
1465,savelives,3
1466,hornofafrica,19
1467,crisis,5
1468,charity,3
1469,malnutrition,3
1470,fightingfamine,3
1471,amazonbasin,4
1472,andes,4
1473,meltingglaciers,4
1474,buesky,2
1475,artistsweather,17
1476,everydayazerbaijan,3
1477,globilisation,1
1478,environmentalphotography,4
1479,woman,10
1480,brahmaputra,4
1481,transboundaryrivers,3
1482,dontwastewater,3
1483,worldwaterday2017,3
1484,franckvogel,3
1485,sari,3
1486,igkenya,11
1487,vscokenya,11
1488,magicalkenya,3
1489,internationalforestsday,5
1490,openmyworld,13
1491,pleaserainsoon,1
1492,Ê±°Êüì,1
1493,Ê≥∞ÂõΩ,1
1494,haze,1
1495,ÈõæÈúæ,1
1496,‡∏°‡∏•‡∏û‡∏¥‡∏©,1
1497,Âç±Èô©,1
1498,maskon,1
1499,cleanair,5
1500,getyourmask,1
1501,unhealthy,1
1502,hazey,1
1503,Âæà‰∏çÂÅ•Â∫∑,1
1504,silentkiller,1
1505,Ê∏ÖËøà,1
1506,smokeyswag,1
1507,putyourmaskon,1
1508,unhealthyair,1
1509,uglytruth,1
1510,airqualityindex,1
1511,‡∏´‡∏°‡∏≠‡∏Å‡∏Ñ‡∏ß‡∏±‡∏ô,1
1512,pm2,1
1513,presentation,1
1514,hongkongphotographer,1
1515,nobasura,2
1516,ceroresiduos,2
1517,zerowasteliving,2
1518,vidasostenible,2
1519,veganos,2
1520,bezerowaste,2
1521,theworldneedslove,2
1522,minimalismo,2
1523,vegan,8
1524,noalplastico,2
1525,bezero,2
1526,cerocrueldadanimal,1
1527,plasticfree,2
1528,zerowastehome,2
1529,crueltyfreeliving,2
1530,zerowastelife,2
1531,flatlay,2
1532,windy,3
1533,wavy,1
1534,sunshine,4
1535,grass,1
1536,greenpeace_switzerland,1
1537,colorsplash,1
1538,redbirds,1
1539,greenpeaceschweiz,1
1540,protecttheamazon,1
1541,redbird,1
1542,protecttheearth,13
1543,mercury,1
1544,asgm,1
1545,madrededios,2
1546,tonga,1
1547,storm,6
1548,witnesstreeproject,27
1549,ecoconcious,1
1550,nofracking,4
1551,nofrackingway,1
1552,frackoff,4
1553,cleanwater,4
1554,comeseethesea,6
1555,coast,6
1556,seacrestures,2
1557,painter,6
1558,dontforgettogooutside,6
1559,inspiration,6
1560,bluebottle,2
1561,sealife,3
1562,artists,5
1563,jellyfish,3
1564,bythesea,6
1565,artistslife,6
1566,magichour,6
1567,creatures,2
1568,tentacles,1
1569,neptunesgifts,1
1570,seasponge,1
1571,sponge,1
1572,paintinginspiration,3
1573,adventurevisuals,1
1574,thar,1
1575,rajasthandiaries,1
1576,liveadventurously,1
1577,postthepeople,1
1578,deserted,1
1579,gypsies,1
1580,gypsy,2
1581,rajasthan,2
1582,stayandwander,9
1583,desidiaries,1
1584,unitednations,3
1585,instatraveling,1
1586,watershortage,3
1587,photographers_of_india,1
1588,bbctravel,2
1589,nomads,1
1590,theoutbound,6
1591,instasg,3
1592,sgarts,5
1593,thehoplist,3
1594,artsg,3
1595,sgevents,3
1596,matildegattoni,1
1597,gallery,6
1598,vladsokhin,1
1599,montrealmoments,1
1600,montrealcity,1
1601,snowstorm,1
1602,everydayclimateaction,1
1603,snow‚ùÑÔ∏è,1
1604,montreal2017,1
1605,diamundialdelagua,2
1606,diaagua,2
1607,efe,1
1608,waterday,2
1609,smoke,2
1610,poland,1
1611,internationalpaper,1
1612,papier,1
1613,industry,3
1614,kwidzyn,1
1615,aerial,22
1616,cerocrueldad,1
1617,save,4
1618,instalike,2
1619,instamood,12
1620,mushfiqulalam,2
1621,photoforpassion,1
1622,everydropcounts,1
1623,raiyatnama,2
1624,andhrapradesh,2
1625,flooding,11
1626,vietnam,2
1627,cantho,1
1628,mekongdelta,1
1629,southeastasia,1
1630,farm,6
1631,oo,1
1632,huaweip9,2
1633,asean,1
1634,farmer,3
1635,veil,1
1636,photojoirnalism,1
1637,photographoftheday,1
1638,instagramhub,1
1639,featureshootclimate,1
1640,submerged,1
1641,jashimsalam,1
1642,js,1
1643,bangladeshiphotographer,1
1644,everydaybangladesh,3
1645,level,5
1646,risingsealevel,5
1647,waterworld,1
1648,tidal,1
1649,campaign,4
1650,climatejustice,7
1651,tacloban,5
1652,greenpeaceph,1
1653,breakfree,1
1654,typhoon,5
1655,asian,1
1656,nif,1
1657,nifstoryoftheweek,1
1658,natureinfocus,2
1659,marathwadadrought,2
1660,ig_colombia,5
1661,todoesagua,1
1662,koi,1
1663,wonderful_places,3
1664,weather,24
1665,hill,1
1666,travels,1
1667,internationalforestday,1
1668,gettyimagescreative,5
1669,traveltuesday,1
1670,valleeduvar,1
1671,flylikeabee,1
1672,flower,2
1673,bee,2
1674,persian,1
1675,persianyear,1
1676,navroz,1
1677,photoftheday,3
1678,etribune,2
1679,colors,2
1680,publicpark,1
1681,igasia,1
1682,apf,1
1683,nyt,1
1684,foto,1
1685,bloom,2
1686,season,1
1687,magazine,2
1688,street,14
1689,almondblossoms,1
1690,southkorea,10
1691,seoul,5
1692,korea,9
1693,amongthewild,1
1694,newmexico,1
1695,whitesands,1
1696,escape,1
1697,savetheearth,4
1698,takeaction,5
1699,horizon,19
1700,globalclimatechange,6
1701,peoplesclimatemarch,2
1702,kirra,4
1703,grey,6
1704,monday,1
1705,elnino,2
1706,mica,1
1707,jharkhand,4
1708,micamining,1
1709,mineral,1
1710,slavery,1
1711,mines,1
1712,respire,2
1713,createforclimate,11
1714,colorful,3
1715,solarenergy,23
1716,artofchange21,14
1717,pollutionfree,18
1718,diy,11
1719,maskbook,14
1720,pinkwall,1
1721,nairobi,1
1722,greenafrica,1
1723,artivism,8
1724,antipollutionmask,12
1725,cleanseas,3
1726,unea2,1
1727,newyork,7
1728,southhampton,1
1729,parquenacionalcajas,1
1730,nature_shots,2
1731,beforetheflood,11
1732,savebiodiversity,1
1733,ecuador,3
1734,cordilleradelosandes,1
1735,biodiversit√©,1
1736,takecareofnature,1
1737,wildlifeconservation,2
1738,think_differently,2
1739,ignaturecapture,1
1740,environnement,1
1741,igscwildlife,2
1742,livewithearth,1
1743,protecttheplanet,2
1744,animalconservation,2
1745,equateur,1
1746,avantledeluge,2
1747,oxygen,4
1748,noplanetb,2
1749,nature_photography,1
1750,helena,1
1751,montana,2
1752,canyonferrylake,1
1753,abstract,10
1754,photographs,9
1755,bluesky,6
1756,prochoice,2
1757,establishment,2
1758,gayrights,2
1759,ourrevolution,2
1760,courage,2
1761,loveeachother,2
1762,mumbai,16
1763,politics,3
1764,fightforwhatsright,2
1765,fakenews,2
1766,stopthehate,2
1767,valentinesday,2
1768,wethepeople,2
1769,lovewins,2
1770,valentines,2
1771,stillsanders,2
1772,loveislove,2
1773,everydaymumbai,20
1774,segregation,2
1775,shot,1
1776,depthobessed,1
1777,naturephoto,1
1778,naturebossplaces,1
1779,natureobession,1
1780,scene,1
1781,perfectcapture,1
1782,sunandthemoon,1
1783,visualsofearth,1
1784,discovery,1
1785,120mm,2
1786,carnefraca,1
1787,doubleexposure,1
1788,operacaocarnefraca,1
1789,weakflesh,1
1790,analogic,1
1791,mudancaclimatica,5
1792,sertao,2
1793,hinterland,2
1794,filmisnotdead,7
1795,120,1
1796,northeastbrazil,4
1797,meatproduction,1
1798,vegetarian,2
1799,holga,4
1800,creati_photo,35
1801,friendinperson,7
1802,bnw_drama,6
1803,bnw_city,7
1804,foto_blackwhite,6
1805,bw_divine_fidelity,7
1806,bnw_magazine,7
1807,streetphotography_bw,7
1808,fineart_photobw,7
1809,bnw_rose,7
1810,bnw_madrid,7
1811,blacknwhite_perfection,7
1812,bnw_switzerland,6
1813,monochrome,17
1814,gloomy,2
1815,chair,2
1816,protectourwinters,5
1817,jandals,1
1818,acesaspen,1
1819,iclimatewonderwomen,1
1820,aspen2017,1
1821,fisworldcup,1
1822,skiing,3
1823,phoneitin,1
1824,skies,4
1825,cloudscape,3
1826,edgeofoblivion,8
1827,climatechangedrcongo,1
1828,streetstyle,6
1829,streetactivity,5
1830,latinamericanfotografia,3
1831,storyofthestreet,6
1832,shootermag,17
1833,conspicuousconsumption,2
1834,kantoartistrunspace,1
1835,artph,1
1836,chuao,12
1837,letmebreathe,8
1838,awarness,5
1839,multikulti,1
1840,wax,1
1841,boatsteeringwheel,1
1842,focus,1
1843,rivernile,4
1844,phonecase,1
1845,boat,12
1846,yalenuscollege,3
1847,publicart,1
1848,onthestreet,1
1849,climatechangeconversations,2
1850,yalenus,3
1851,activism,9
1852,sgphotography,1
1853,yncphotodoc,3
1854,objectifscentre,2
1855,fieldnotes,3
1856,ahmedabad_instagram,1
1857,instagram_ahmedabad,1
1858,insta_crew,8
1859,way2ill,2
1860,gramoftheday,9
1861,citiesoftheworld,1
1862,riverfront,1
1863,dusk,2
1864,cellphoneshot,1
1865,cityphotography,1
1866,objectifsgallery,1
1867,sanggarlhcirebon,20
1868,bebassampah2020,2
1869,aksi,1
1870,cirebondaruratsampah,1
1871,sakolasampah,1
1872,cirebongogreen,20
1873,maribijakair,1
1874,coastalerosion,4
1875,photos,2
1876,travelart,1
1877,travelogue,1
1878,photographers,5
1879,photoart,1
1880,artinsingapore,1
1881,traveller,5
1882,markietravels2016,1
1883,artinthecity,1
1884,deer,1
1885,protectedareas,1
1886,refuges,1
1887,nationalparks,2
1888,—á–∞—Å–∑–µ–º–ª–∏,1
1889,–≥–æ–¥–∏–Ω–∞–∑–µ–º–ª—ñ,1
1890,—Ñ–æ—Ç–æ–≤–∏—Å—Ç–∞–≤–∫–∞,2
1891,—Ñ–µ–π—Å–±—É–∫,1
1892,–≥–æ–¥–∏–Ω–∞–∑–µ–º–ª—ñ2017,1
1893,wakeupearth,1
1894,coffeefarmers,1
1895,documentaryphotographer,1
1896,maharashtradroughts,1
1897,maharashtra,5
1898,laturearthquake,1
1899,naturaldisaster,10
1900,environmentalphotojournalism,1
1901,waterconservation,1
1902,natgeotraveler,1
1903,thedialogue,1
1904,latur,1
1905,ruralindia,2
1906,palngan,1
1907,chuao_venezuela,8
1908,gopro,29
1909,ksa,1
1910,phoneartsaudi,1
1911,ignanttakeover,1
1912,duststorm,1
1913,ignantpicoftheday,1
1914,hena5filters,1
1915,ignant,1
1916,heimweh,1
1917,everydaysaudi,3
1918,phonartegypt,1
1919,saudiarabia,3
1920,inspiredby,1
1921,sandstorm,1
1922,vscofilm,4
1923,iphoneonly,5
1924,publictransport,1
1925,bayarea,1
1926,bart,1
1927,solar,10
1928,extremeicesurvey,12
1929,fantastic_earth,12
1930,earthvisioninstitute,12
1931,hasselbladstorytellers,12
1932,icewatchparis,12
1933,phaseonephoto,12
1934,reallyrightstuff,12
1935,natgeoinspires,12
1936,3036,1
1937,prophotographer,12
1938,climateforchangela,12
1939,unlimitedplanet,12
1940,awesome_earthpix,12
1941,jaw_dropping_shots,12
1942,earth_deluxe,12
1943,diaartfoundation,1
1944,spiraljetty,1
1945,landart,1
1946,my252,12
1947,everydayhornofafrica,12
1948,odwayne,6
1949,oodweyne,4
1950,dila,2
1951,nightimages,3
1952,eveningsky,1
1953,citygram,7
1954,tampa,2
1955,bluehour,5
1956,waterfront,2
1957,colorphoto,3
1958,citykillerz,6
1959,longexposure,5
1960,blue,4
1961,justgoshoot,25
1962,therealflorida,5
1963,tampageneralhospital,1
1964,nightshooters,6
1965,vulnerable,1
1966,hillsboroughriver,1
1967,createexplore,6
1968,island,4
1969,builtenvironment,3
1970,ig_nightphotography,3
1971,skylineporn,1
1972,urbanphotography,2
1973,florida,10
1974,downtowntampa,1
1975,evening,3
1976,urbanromantix,1
1977,urbanlandscape,7
1978,architecturephotography,2
1979,skyline,3
1980,slowshutter,2
1981,tampariverwalk,1
1982,e—Åooko,41
1983,ukrainian,1
1984,regionnewsphotos,1
1985,regionnewsnet,1
1986,nileriver,2
1987,cairotower,6
1988,belgium,5
1989,belgian,1
1990,silver,1
1991,greencity,8
1992,brussels,5
1993,thane,3
1994,shubhilallsimplereminders,3
1995,plants,4
1996,car,1
1997,meltingglacier,2
1998,saveearth,9
1999,riseintemperature,3
2000,nobluenogreen,2
2001,cycles,2
2002,carbonrise,2
2003,shubhispeaks,3
2004,igatpuri,1
2005,words,2
2006,timesofindia,2
2007,goodmorningpost,1
2008,savetrees,9
2009,saveaarey,1
2010,goodmorning,7
2011,greenhouse,3
2012,carbonkills,8
2013,night,7
2014,skypainters,1
2015,newspaper,1
2016,day,1
2017,twilight,2
2018,pretty,2
2019,carbon,13
2020,skylovers,1
2021,thisiskualalumpur,2
2022,foreignworkers,2
2023,huaweip9plus,2
2024,kl,1
2025,ampang,1
2026,kampung,1
2027,everydayhoenofafrica,1
2028,coldweather,5
2029,snowday,2
2030,palembangbercerita,13
2031,pfipalembang,14
2032,hallandalebeach,1
2033,americanlife,15
2034,miami,9
2035,floridalife,8
2036,lighttrails,1
2037,urbanandstreet,5
2038,eveningphotography,1
2039,exploreamerica,8
2040,miamilife,2
2041,historichouse,1
2042,neighborhood,2
2043,oldflorida,1
2044,beautifulplaces,1
2045,homesweethome,1
2046,whitepicketfence,1
2047,sweet,2
2048,smallhouse,1
2049,bungalow,1
2050,closeddoors,1
2051,doorsofinstagram,1
2052,waterway,2
2053,unitedstatesofdecay,1
2054,littlerivermiami,1
2055,riversedge,1
2056,symmetry,4
2057,gritty,1
2058,abandoned,4
2059,urbandecay,3
2060,cantbreathe,2
2061,yellow,1
2062,masktrotter,1
2063,bhutan,1
2064,masks,1
2065,bhutanese,1
2066,lifestyle,41
2067,wondermore,1
2068,visitsiceland,1
2069,saltlakecity,1
2070,wateruse,1
2071,unfilter,4
2072,dudas,1
2073,travelers,7
2074,trekking,3
2075,naturaleza,9
2076,caminata,2
2077,natural,6
2078,viajeras,7
2079,lagunillas,1
2080,caj√≥ndelmaipo,2
2081,sinfiltro,4
2082,cambioclim√°tico,2
2083,portraitpage,1
2084,portraitphotographer,1
2085,portrait_perfection,1
2086,venezuelaforum,1
2087,agameofportraits,1
2088,portrait_shots,1
2089,portraits_ig,1
2090,solvest,1
2091,pvsolar,1
2092,greenenergy,10
2093,mayo,1
2094,carbonfootprint,2
2095,solarinstallation,1
2096,rooftoparray,1
2097,visityukon,1
2098,yukon,1
2099,nachonyakdun,1
2100,beelieeday,2
2101,calor,1
2102,vivechile,1
2103,patitapatita,1
2104,monta√±as,2
2105,santuario,1
2106,gillsonbeach,1
2107,foireux,1
2108,highdensity,1
2109,ÎØ∏ÏÑ∏Î®ºÏßÄ,1
2110,problem,1
2111,dusty,1
2112,Ïã´Ïùå,1
2113,relou,1
2114,raslecul,1
2115,poussiereux,1
2116,poussiere,1
2117,Ï†ïÎßê,1
2118,Í∞ú,1
2119,concentration,1
2120,ÏôÑÏ†Ñ,1
2121,serious,1
2122,high,1
2123,ciel,1
2124,fine,1
2125,putain,1
2126,everydaypalembang,7
2127,miamisprings,1
2128,rsa_night,2
2129,smalltownlife,4
2130,iloveflorida,1
2131,createeveryday,5
2132,reflectiongram,3
2133,reflection,10
2134,apimages,4
2135,summery,1
2136,animali,1
2137,albicocco,1
2138,apricottre,1
2139,khartoum,1
2140,everydaysudan,1
2141,sudan,2
2142,everydaykhartoum,1
2143,koransindo,2
2144,maldives,4
2145,stingray,2
2146,coastalliving,2
2147,wild,5
2148,everydayraajje,3
2149,marinelife,5
2150,modernweather,2
2151,thunder,1
2152,thunderstorm,2
2153,boom,1
2154,survivalism,2
2155,innovations,1
2156,boomüëä,1
2157,lightning,1
2158,boomüí•,1
2159,survival,2
2160,tech,3
2161,thenewweather,2
2162,clap,1
2163,technology,3
2164,designs,1
2165,apocalyptic,1
2166,snapperrocks,5
2167,blackandwithephotography,1
2168,iphoneography,2
2169,mahabad,2
2170,clothing,1
2171,gear,1
2172,newscientist,1
2173,smartgear,1
2174,universityofcalifornia,1
2175,golosinas,1
2176,food,8
2177,eat,1
2178,barriodepaz,4
2179,cauca,7
2180,quilishot,3
2181,ainabo,2
2182,aynabo,2
2183,blues,1
2184,womensday,1
2185,artistsoninstagram,1
2186,wilmette,1
2187,highway,2
2188,streetscape,2
2189,hialeah,1
2190,symmetricalmonsters,2
2191,symmetrykillers,1
2192,cloudporn,5
2193,deepincity,2
2194,rsa_streetview,2
2195,canal,1
2196,floridaskies,1
2197,lightrail,1
2198,infrastructure,1
2199,paddyfields,2
2200,oodwayne,4
2201,notruescotsman,1
2202,rightsforall,1
2203,immigration,1
2204,ca,1
2205,todossomosamericanos,1
2206,magic,3
2207,wonderfulworld,7
2208,canon,57
2209,wind,13
2210,aheadfullofdreams,1
2211,favorite,1
2212,little,1
2213,–∫—ñ–Ω–æ—Ñ–µ—Å—Ç–∏–≤–∞–ª—å,2
2214,–µ–∫–æ–ª–æ–≥—ñ—è,14
2215,–∫–∏—ó–≤,1
2216,–¥–æ–∫—É–º–µ–Ω—Ç–∞–ª—å–Ω–µ–∫—ñ–Ω–æ,1
2217,—Ñ–æ—Ç–æ–≥—Ä–∞—Ñ,1
2218,—É–∫—Ä–∞—ó–Ω–∞,4
2219,planet,30
2220,artdeco,2
2221,architecture,8
2222,southbeach,1
2223,hotels,2
2224,lonely,2
2225,artdecostyle,2
2226,miamibeach,2
2227,cop22,4
2228,cop22balade,1
2229,dream,1
2230,marrakech,2
2231,plasticbagban,1
2232,architecturalphotography,1
2233,pagaralam,1
2234,burning,1
2235,tgif,1
2236,volumetriclight,1
2237,mood,2
2238,shadow,3
2239,solitude,1
2240,movement,1
2241,artlovers,21
2242,artcollective,1
2243,series,1
2244,studio,1
2245,no_plastic,1
2246,desaklayan,1
2247,dokumentasi_haripedulisampahnasional2017,1
2248,snowflakes,1
2249,brezovica,4
2250,fisnikdobreci,15
2251,balkan,2
2252,snow,17
2253,thesearch,4
2254,gotyler,1
2255,vuedechezmoi,1
2256,ilovenice,1
2257,cloudyweather,1
2258,tempetezeus,1
2259,lagoresia,1
2260,trentinoaltoadige,1
2261,valvenosta,1
2262,dolomitisuperski,1
2263,belltower,1
2264,shortfilm,1
2265,trentino,1
2266,mountainliving,2
2267,2017,20
2268,mountainlife,10
2269,mountainview,2
2270,locationscouting,1
2271,trentinodavivere,1
2272,resialake,1
2273,dolomiti,5
2274,italianalps,2
2275,intothewater,1
2276,worldseas,1
2277,seacontamination,1
2278,keepwatersclean,1
2279,environmentalprotection,1
2280,everydasia,1
2281,honger,3
2282,timorleste,1
2283,vegetableoil,1
2284,saynotopalmoil,1
2285,1,4
2286,goprohero4,5
2287,sustainablepalmoil,3
2288,rspocertified,3
2289,brezatree,1
2290,illinoos,1
2291,farmland,2
2292,dry,3
2293,sharr,2
2294,montain,5
2295,balkancollective,1
2296,skiresort,1
2297,graffiti,1
2298,artwork,22
2299,greenfilter,1
2300,protecttheeatth,1
2301,greenlife,6
2302,sdgs,3
2303,unsustainable,2
2304,forestdestruction,2
2305,lanfill,1
2306,scavenger,1
2307,rubbish,2
2308,siemreap,1
2309,waste,4
2310,casamance,1
2311,kalounayes,1
2312,senegal,1
2313,naturalresources,1
2314,westafrica,1
2315,internationalwomensday,1
2316,mangroves,5
2317,greenhousegas,2
2318,guineabissau,1
2319,canchungo,1
2320,socialadvocacy,1
2321,ig_worldphoto,1
2322,thirstyforhumanconnection,1
2323,shotsofafrica,1
2324,future,6
2325,darfur,1
2326,instamagazine,1
2327,colors_of_day,1
2328,igw_photo,1
2329,lakefront,4
2330,unesco,5
2331,scotland,7
2332,skarabrae,1
2333,jeremysuttonhibbert,7
2334,neolithicorkney,1
2335,risingsealevels,2
2336,worldheritage,4
2337,orkney,1
2338,neolithic,1
2339,hospital,1
2340,african_portraits,1
2341,africanchild,1
2342,everdayafrica,4
2343,dcitystyle,1
2344,washingtonian,1
2345,mydccool,1
2346,washingtondc,1
2347,dctography,1
2348,vscodc,1
2349,igdc,1
2350,ecolit290,1
2351,windpower,9
2352,glasgow,6
2353,weatherenergy,5
2354,montevideo,6
2355,sailboat,1
2356,bird,7
2357,cityview,4
2358,uruguay,7
2359,sailing,3
2360,navigation,1
2361,fly,3
2362,play,1
2363,sunsetlovers,3
2364,keepitintheground,2
2365,somewheremagazine,6
2366,paradise,3
2367,colour,1
2368,kohrongsamloem,1
2369,diptyque,1
2370,trash,2
2371,parkranger,2
2372,deforastation,1
2373,reamnationalpark,1
2374,candidportrait,1
2375,ecosistemas,2
2376,viaje,4
2377,birdlovers,1
2378,climatechangecolombia,2
2379,one_shot_forachange,4
2380,veggies,4
2381,sustainablefarm,4
2382,earthcapture,6
2383,notillage,4
2384,burgundy,1
2385,lovetheworld,4
2386,kolkata,4
2387,calcuttanarrative,3
2388,wetlands,8
2389,phoneography,6
2390,sailingboard,1
2391,sofitelhotel,1
2392,collectart,1
2393,emergingart,1
2394,southloopchicago,1
2395,supportartists,1
2396,southloop,1
2397,emergingartist,1
2398,jennifercronin,1
2399,streetdreamsmag,3
2400,upperwest,1
2401,cyclone,2
2402,weatherpics,1
2403,texas,2
2404,cows,2
2405,risingtemperature,5
2406,burndiary,13
2407,gumtrees,3
2408,my_365,9
2409,dailypic,7
2410,australianlife,13
2411,ngarigocountry,5
2412,snowgums,1
2413,snowymountainslife,2
2414,featureshoot,11
2415,everydayaustralia,13
2416,stanlybridge,1
2417,cars,5
2418,art4climate,3
2419,arcticcircle,2
2420,airplane,3
2421,arcticocean,10
2422,camerahaus,4
2423,ig_venezuela_pro,4
2424,blancoynegro,2
2425,evanston,1
2426,horizons,1
2427,viewfrommyroom,1
2428,universities,1
2429,throughfresheyes,3
2430,_soi,8
2431,farmlands,1
2432,throwback,3
2433,edit,1
2434,saudi,1
2435,everydayphoto,2
2436,vasco,1
2437,saudiphoto,2
2438,lightroom,2
2439,vascocam,1
2440,saudistyle,1
2441,instgram,5
2442,natego,1
2443,fishing,9
2444,february2017,1
2445,thevisualactivist,4
2446,canada,6
2447,polarbears,2
2448,backclimateaction,1
2449,competition,1
2450,positivechange,1
2451,ethanol,1
2452,emission,1
2453,worldmetday,2
2454,extreme,3
2455,dark,2
2456,study,1
2457,wildatlanticway,3
2458,contemporary_art,3
2459,clare,1
2460,on_paper,1
2461,irishpainter,1
2462,riverside,2
2463,river_fergus,1
2464,acrylics,1
2465,gan,1
2466,rainyday,2
2467,raining,1
2468,view,2
2469,riyadh,1
2470,riyadhnow,1
2471,gulls,1
2472,beetle,1
2473,tonlesap,2
2474,galeriaco,1
2475,medicinal,1
2476,tradicional,1
2477,plantas,2
2478,id_pacifico,2
2479,id_colombia,2
2480,floodwaters,3
2481,waterrising,2
2482,kmasad,1
2483,insta,1
2484,destroy,1
2485,die,1
2486,instaphoto,2
2487,worldwildlifeday,1
2488,wildanimals,1
2489,flamingos,3
2490,habitatdestruction,2
2491,navimumbai,2
2492,destruction,3
2493,thanecreek,2
2494,habitat,3
2495,debris,2
2496,anthroposcene,2
2497,saveourseas,2
2498,anthropogenic,2
2499,bombay,4
2500,creek,3
2501,1415mobilephotograpers,1
2502,streetphoto_iran,1
2503,anzali,1
2504,seaside,3
2505,hartcollective,3
2506,upsiran,1
2507,picwantmobilestories,2
2508,reportagespotlightand,1
2509,iphotography,1
2510,onlymobileart,1
2511,building,2
2512,outside,4
2513,environmentalscience,3
2514,travelstoke,3
2515,earthimagined,3
2516,theoutdoorjournal,3
2517,getoutstayout,4
2518,phyang,3
2519,jj_blackandwhite,11
2520,aphotoaday,11
2521,walkinthewoods,9
2522,forestpreserve,9
2523,jj_kidz,1
2524,365,11
2525,jj_chicagoland,11
2526,chicagoshots,11
2527,365project,11
2528,bw,18
2529,jj_nature,12
2530,365dayphotochallenge,11
2531,naturecenter,10
2532,jj_monochrome,11
2533,365days,11
2534,traveldiaries,4
2535,whpbettertogether,2
2536,cntgiveitashot,5
2537,tannaisland,7
2538,tanna,13
2539,vanuatu,12
2540,nevhouse,7
2541,indiagram,1
2542,sunset_hub,1
2543,mumbaimetro,1
2544,venice,1
2545,white,3
2546,inuit,2
2547,mudflats,1
2548,sewri,1
2549,followyourheart,1
2550,goexplore,10
2551,surfer,9
2552,rsa_portraits,1
2553,maklumfoto,1
2554,ourstreets,1
2555,storyonstreet,1
2556,ink361,1
2557,everydayeverywere,1
2558,serikat_fi,1
2559,apfmagazine,2
2560,traveldeeper,2
2561,creatownstories,1
2562,lookslikefilm,1
2563,instasunda,1
2564,serikat_sp,1
2565,instastreetid,1
2566,everydayindonesia,1
2567,canonasia,1
2568,lvbp,1
2569,leonesdelcaracas,1
2570,jesusaguilar,1
2571,beisbol,1
2572,baseball,1
2573,irisharts,2
2574,oils,1
2575,streetleaks,2
2576,quilichao,1
2577,urbanstreetphotography,1
2578,flores,1
2579,centro,1
2580,sur,2
2581,copihue,1
2582,superbank,1
2583,floodpainting,1
2584,blackmirror,1
2585,hatedinthenation,1
2586,climatedenier,1
2587,truestory,1
2588,dc,1
2589,cherryblossom,1
2590,nubes,1
2591,saveforest,1
2592,forestprojects,1
2593,jj_reflections,2
2594,jj_trees,3
2595,pondlife,7
2596,fuvemeh,1
2597,caracas17,1
2598,improperwastemanagement,1
2599,isbtraveler,1
2600,wastedisposal,1
2601,disheartening,1
2602,indianshutterbugs,1
2603,lackingawareness,1
2604,ailinglungsofkolkata,1
2605,needaction,1
2606,kolkatamaidan,1
2607,qotd,1
2608,shotoftheday,1
2609,quoteoftheday,1
2610,turbine,7
2611,windenergy,9
2612,potd,3
2613,retelling,2
2614,wijverslaanarmoede,2
2615,voedselhulp,1
2616,mozambique,2
2617,chait√©n,1
2618,shadows,4
2619,kilimanjaro,8
2620,sunsetsniper,5
2621,mindthemountains,2
2622,lovelife,3
2623,all_shots,1
2624,photograph_by_ingridwesselbernal,1
2625,wakeup,1
2626,darkness,2
2627,igscandinavia,1
2628,manmade,1
2629,soconfused,1
2630,mountainbike,1
2631,foratemer,1
2632,simplelife,1
2633,pictureoftheday,1
2634,loveearth,1
2635,lifeiscalling,1
2636,adventuresports,1
2637,mataatlantica,1
2638,sports,1
2639,mtblife,1
2640,sportlife,1
2641,mtb,1
2642,sosmataatlantica,1
2643,mtbbrasil,1
2644,extremesurfphotography,6
2645,mariupol,5
2646,suburb,1
2647,–≤–µ—Å–Ω–∞,1
2648,–ø–µ–π–∑–∞–∂,2
2649,alone,2
2650,walking,1
2651,bnwphotography,1
2652,bnw_captures,6
2653,motionwitness,7
2654,bnw_society,6
2655,–≤—ñ—Ç–µ—Ä,1
2656,–ª—ñ—Ç–æ,1
2657,–∫–≤—ñ—Ç–∏,2
2658,–≤—ñ—Ç—Ä—è–∫–∏,1
2659,cloudforest,1
2660,amazonia,2
2661,wpph2017,1
2662,oldman,1
2663,everydayguatemala,4
2664,muniguate,1
2665,guategram,1
2666,latinoamericaneando,1
2667,bike,2
2668,motorcycle,2
2669,melt,2
2670,perfectnature,2
2671,goodmorningworld,2
2672,wakeupwiththesun,2
2673,sunlovers,3
2674,always,2
2675,reposturuguay,1
2676,pond,3
2677,rahmanloo,1
2678,nopipelines,4
2679,ohio,3
2680,tailledirecte,17
2681,roots,1
2682,contemporaryart,20
2683,sculpt,2
2684,ecologie,21
2685,directcarving,17
2686,artcontemporain,20
2687,racine,2
2688,sculpture,21
2689,savoirfaire,20
2690,bronze,2
2691,sculptures,5
2692,fineartist,17
2693,planetearth,19
2694,sculptor,20
2695,fineart,22
2696,madeinfrance,16
2697,strangesimage,5
2698,fujifilmitalia,5
2699,wayoflife,1
2700,storytelling,7
2701,fujixt1,4
2702,fujifilm,5
2703,agbogbloshie,4
2704,ewaste,4
2705,thevictimsofourwealth,4
2706,vintage,36
2707,2016,21
2708,iphone,41
2709,selfie,39
2710,vip,34
2711,apple,39
2712,family,42
2713,spor,26
2714,fit,34
2715,fashionblogger,39
2716,look,42
2717,–º–∞—Ä–∏—É–ø–æ–ª—å,30
2718,gym,38
2719,—ç–∫–æ–ª–æ–≥–∏—è,33
2720,luxury,39
2721,—ç–∫–æ,30
2722,serbia,1
2723,invertbts,1
2724,bestbirdshots,2
2725,sandhillcrane,2
2726,jj_minimalism,1
2727,jj_minimal,1
2728,carnival,2
2729,carnavales2017,3
2730,fiorire,1
2731,instanature,1
2732,stayhuman,1
2733,sakura,1
2734,issue,1
2735,lapoesiadellecosemaiviste,1
2736,must,1
2737,jepara,1
2738,nuclear,2
2739,dangerous,1
2740,vessel,1
2741,rainbowwarrior,1
2742,social,1
2743,ship,3
2744,peace,4
2745,nuke,1
2746,centaljava,1
2747,community,3
2748,elrama,1
2749,cattleraising,1
2750,rural_life,1
2751,documentinglife,18
2752,nikonüì∑,1
2753,–∞–Ω—Ç–∏—á–Ω–æ—Å—Ç—å,1
2754,model,21
2755,fashion,28
2756,ngarigo,2
2757,foggyday,2
2758,australianalps,3
2759,grasses,1
2760,instaart,1
2761,seaphotography,1
2762,beachphotography,3
2763,indiaphotos,1
2764,buildings,2
2765,ecobricks,1
2766,savechildren,1
2767,cirebongourmet,1
2768,sunlight,1
2769,sunstagram,1
2770,sunstar,1
2771,boston,2
2772,beaconhill,2
2773,solarpanels,9
2774,samoan,1
2775,thephotosociety,11
2776,iseeclimatechange,1
2777,desmoines,1
2778,falsespring,1
2779,uhoh,1
2780,frozen,2
2781,daffodil,1
2782,deadspring,1
2783,iowa,1
2784,janganrusakcirebon,2
2785,haripedulisampah,6
2786,cirebonbebaspenyampah2022,18
2787,hpsn2017,6
2788,cirebon,9
2789,reduse,6
2790,jendelacirebon,2
2791,cirebonbisa,6
2792,cirebonmilikbersama,2
2793,wander,1
2794,silhouette,4
2795,justsaeeing,1
2796,instapost,1
2797,live,2
2798,puneinstagrammers,1
2799,lensflare,1
2800,travelblogger,1
2801,iphone6s,1
2802,phototravel,1
2803,livelovelaugh,1
2804,cirebonpunya,2
2805,windowtotheworld,12
2806,acertainslantoflight,3
2807,whpcolourful,2
2808,makemoments,3
2809,fotograf√≠a365knpb,2
2810,southsudan,1
2811,conflict,3
2812,geese,2
2813,canadiangeese,1
2814,indonesiaku,1
2815,kelilingcirebon,1
2816,banksampah,12
2817,kabupatencirebon,1
2818,newengland,2
2819,bostonpublicgarden,1
2820,samoa,2
2821,americansamoa,2
2822,guardianseries,1
2823,justice,1
2824,italia,5
2825,italy,14
2826,chicken,1
2827,meat,2
2828,egg,2
2829,childrenoftheworld,3
2830,poverty,6
2831,makeportraitsnotwar,3
2832,rural,5
2833,fujixt10,1
2834,bnw_legit,1
2835,doubleyedge,1
2836,shell,1
2837,acidic,1
2838,atmosphere,2
2839,acid,1
2840,oyster,1
2841,risingseas,4
2842,glacierlagoon,4
2843,brei√∞amerkurj√∂kull,4
2844,diamondbeach,4
2845,vatnaj√∂kull,5
2846,j√∂kuls√°rl√≥n,4
2847,metal,1
2848,visitcalifornia,3
2849,purefood,1
2850,sonoma,3
2851,kuduweruh,1
2852,tentangcirebon,1
2853,cirebonsuara,1
2854,contemporaryarchitecture,1
2855,lights,2
2856,veracruz,3
2857,bocadelrio,1
2858,mall,1
2859,andamar,1
2860,everydayveracruz,3
2861,mexico,4
2862,lookslikepainting,2
2863,everydaywhere,2
2864,dunas,1
2865,waterreflections,1
2866,cirebonmedia,1
2867,infocirebon,1
2868,eventcirebon,1
2869,ducks,1
2870,calle,1
2871,diloconfoto,1
2872,rueda,1
2873,park,1
2874,solarcity,1
2875,aerialphotography,1
2876,portugal,1
2877,lisboa,1
2878,waterreservoir,1
2879,represa,1
2880,honduras,1
2881,cambioclimatico,2
2882,risk,2
2883,vulnerability,1
2884,tegucigalpa,1
2885,adaptationfund,1
2886,health,3
2887,challenge,1
2888,ÿπ⁄©ÿßÿ≥€å,4
2889,ÿß€åÿ±ÿßŸÜ,4
2890,everydaymiddeleeast,4
2891,everydauiran,4
2892,ÿπ⁄©ÿ≥_ŸáŸÜÿ±€å,4
2893,iranshots,4
2894,iranpx,4
2895,shiraz,4
2896,aliasghar_mohammadi,1
2897,_,3
2898,ÿπ⁄©ÿ≥,4
2899,500pix,4
2900,everydprk,4
2901,traveling,4
2902,tower,3
2903,instago,1
2904,instatravel,5
2905,skyscraper,1
2906,preserve,2
2907,business,2
2908,visiting,1
2909,–∑–∞—Ç–æ–ø–ª–µ–Ω–µ—Å–µ–ª–æ,1
2910,–±–∞–∫–æ—Ç–∞,1
2911,–∑–∞—Ç–æ–ø–ª–µ–Ω–µ,1
2912,disaster,10
2913,bakota,1
2914,–ª–µ—Ç–æ,1
2915,blm,1
2916,blacklives,1
2917,m4bl,1
2918,marmo,6
2919,arbre,4
2920,marbre,19
2921,marble,20
2922,whiteleewindfarm,1
2923,armandoreveron,1
2924,reveron,1
2925,refugeeswelcome,3
2926,newsolarsystem,1
2927,medan,1
2928,instamedan,1
2929,rokkor,1
2930,–∫–∞—Ä—Ç–æ–Ω,1
2931,–ø—Ä–∏–≤—ã—á–∫–∏,1
2932,–º—É—Å–æ—Ä,1
2933,—Å–æ—Ä—Ç–∏—Ä–æ–≤–∫—É,1
2934,–ø–ª–∞—Å—Ç–∏–∫–æ–≤—ã–µ–±—É—Ç—ã–ª–∫–∏,1
2935,—É–∫—Ä–∞–∏–Ω–∞,1
2936,—á–∏—Å—Ç–æ–π,1
2937,–∫–∏–µ–≤,2
2938,–ø–ª–∞—Å—Ç–∏–∫,1
2939,–º–∞–∫—É–ª–∞—Ç—É—Ä—É,1
2940,–±—É–º–∞–≥–∏,1
2941,–ø—É–Ω–∫—Ç—ã–ø—Ä–∏–µ–º–∞–≤—Ç–æ—Ä—Å—ã—Ä—å—è,1
2942,–∂—É—Ä–Ω–∞–ª—ã,1
2943,–¥–µ—Ä–µ–≤—å—è,1
2944,—ç–∫–æ–ª–æ–≥–∏—á–µ—Å–∫–∏–µ–ø—Ä–æ–±–ª–µ–º—ã–≤—É–∫—Ä–∞–∏–Ω–µ,1
2945,–≤—Ç–æ—Ä—Å—ã—Ä—å—è,1
2946,—ç–∫–æ–ª–æ–≥–∏—è–≤—É–∫—Ä–∞–∏–Ω–µ,1
2947,—Ü–µ–Ω–Ω—ã–π—Ä–µ—Å—É—Ä—Å,1
2948,–ø–∞–∫–µ—Ç–æ–≤,1
2949,–∑–∞–≥—Ä—è–∑–Ω–µ–Ω–∏–µ–æ–∫—Ä—É–∂–∞—é—â–µ–π—Å—Ä–µ–¥—ã,1
2950,—ç–∫–æ–ø—Ä–æ–±–ª–µ–º–∞,1
2951,—Å–±–æ—Ä,1
2952,—Å–æ—Ö—Ä–∞–Ω–∏—Ç—å,1
2953,treesofinstagram,1
2954,nikond3300,1
2955,instagrammers,3
2956,stories,5
2957,delhigram,3
2958,ig_captures,3
2959,traveldiary,3
2960,ig_asia,3
2961,indianphotography,3
2962,travelling,4
2963,igdaily,3
2964,igs,3
2965,mypixeldiary,1
2966,photogrid,3
2967,lagoon,5
2968,yemen,2
2969,—Ö–µ—Ä—Å–æ–Ω,2
2970,fish,8
2971,ouroceanisourfuture,1
2972,superpac,1
2973,kamoinge,1
2974,wrrq,1
2975,installation,2
2976,invisibleborders,1
2977,forfreedoms,1
2978,transpower,1
2979,pieceofcake,1
2980,rawiya,1
2981,aperturefoundation,1
2982,freedoms,1
2983,goodresults,1
2984,survivalskills,1
2985,lastingresults,1
2986,everydayheroes,2
2987,–ø–æ–ª–µ–≤—ã–µ—Ü–≤–µ—Ç—ã,1
2988,–ø—Ä–∏—Ä–æ–¥–∞,3
2989,–∏–Ω–¥—É—Å—Ç—Ä–∏–∞–ª—å–Ω—ã–π,2
2990,–º–∞—Ä—ñ—É–ø–æ–ª—å,4
2991,mariupolgram,1
2992,mrpl,1
2993,—Ç—Ä–∞–≤–∞,1
2994,–∑–∞–≤–æ–¥,3
2995,victory,1
2996,–ø–æ–ª—å–æ–≤—ñ–∫–≤—ñ—Ç–∏,1
2997,—Ü–≤–µ—Ç—ã,1
2998,—ñ–Ω–¥—É—Å—Ç—Ä—ñ–∞–ª—å–Ω–∏–π,1
2999,myanmar,3
3000,goldmining,1
3001,kachin,1
3002,biofuelsimpacts,1
3003,biofuels,1
3004,palmoilfree,1
3005,igersbrasil,2
3006,diving,1
3007,hawksbill,1
3008,tasneemkhan,1
3009,maafushi,1
3010,worldasaclassroom,1
3011,observation,1
3012,designinnature,1
3013,seaturtle,1
3014,fleetfootadventures,1
3015,scuba,1
3016,earthcolab,1
3017,citizenscience,1
3018,stem,1
3019,placebasedlearning,1
3020,fieldeducation,1
3021,crazy,11
3022,workout,9
3023,sportsday,9
3024,sport,13
3025,ibiza,10
3026,like4like,13
3027,club,10
3028,fume,1
3029,–¥–æ–≤–∫—ñ–ª–ª—è,1
3030,harm,1
3031,–¥–∞–π—Ç–µ–∫–∏—Å–ª–æ—Ä–æ–¥–∞,2
3032,–Ω–µ—á–µ–º–¥—ã—à–∞—Ç—å,1
3033,–¥—ã–º,1
3034,monochromatic,1
3035,econom√≠a,1
3036,mercado,1
3037,fotograf√≠a,1
3038,bnw_world,1
3039,bnwdemand,1
3040,idcolombia,1
3041,nikontop,1
3042,bnwmood,2
3043,popay√°n,1
3044,climatic,2
3045,bnwlandscape,1
3046,instafood,1
3047,portraits,1
3048,editorial,8
3049,carefornature,1
3050,oceanlover,1
3051,lanuitdesmasques,1
3052,bruxelles,2
3053,–ø—Ä–æ–±–ª–µ–º–∞,2
3054,–ª—ñ—Å,1
3055,–≤–∏—Ä—É–±–∫–∞,1
3056,–ª–µ—Å,2
3057,romeo,1
3058,actor,2
3059,tiamo,1
3060,loveyou,1
3061,tuesday,1
3062,romeoandjuliet,2
3063,milano,1
3064,participatoryphotography,1
3065,nooritales,1
3066,pakistan,1
3067,l4l,1
3068,3868,1
3069,2012,1
3070,agree,1
3071,sandbeachlake,1
3072,bangalore,1
3073,reuters,3
3074,bengaluru,1
3075,protests,2
3076,treehugging,1
3077,workingattr,1
3078,noaa,1
3079,scientist,2
3080,whiskeycreek,1
3081,shellfish,1
3082,fragile,2
3083,rainbowwarriors,1
3084,tinyplanet,1
3085,everydayve,22
3086,myspc16,20
3087,aragua,2
3088,conventionhall,1
3089,wall,2
3090,sonestahotel,1
3091,lamp,1
3092,thebest_capture,1
3093,planttrees,3
3094,bangaloreweather,1
3095,3133,1
3096,sustainablearchitecture,1
3097,travelingaroundtheworld,1
3098,sustainablepractices,7
3099,talaphoto,1
3100,globalstorytellers,1
3101,montreal,1
3102,luz,4
3103,aliasghar,3
3104,gettyimages,5
3105,blackwaternwf,1
3106,climatechangemarch,1
3107,maryland,1
3108,uraman,1
3109,africaamazing,2
3110,simbu,1
3111,wonkama,1
3112,papoeanieuwguinea,1
3113,pacafic,1
3114,azi√´,1
3115,hipstamatic,1
3116,hipstadreamers,1
3117,hipstamaticmagic,1
3118,pinhole,1
3119,hipstamaticaddicts,1
3120,netgeo,4
3121,somewhereincairo,3
3122,problemsolving,1
3123,—Å–º—ñ—Ç—Ç—è,1
3124,–∑–≤–∞–ª–∏—â–µ,1
3125,garbage,5
3126,jj_birds,1
3127,–∑–∞–ø–æ—Ä–æ–∂—å–µ,1
3128,ff,3
3129,cyclonesidr,7
3130,villager,6
3131,opensocietyfoundations,11
3132,longtermproject,11
3133,erosion,14
3134,hurtlamb,1
3135,ofthelandandus,1
3136,smbhmag,1
3137,millenium_images,1
3138,invisiblemadevisible,1
3139,tpgviewpoints,1
3140,memorytraces,1
3141,smbh,1
3142,impressamag,1
3143,archivecollectivemag,1
3144,weltraumzine,1
3145,simplewonder,1
3146,electrosmog,1
3147,noisemag,1
3148,theearthissue,2
3149,barytprint,1
3150,theweathetinoursouls,1
3151,palembang,2
3152,filmcommunity,1
3153,35mm,2
3154,ushuaia,1
3155,patagonia,2
3156,tierradelfuego,1
3157,lagunaesmeralda,1
3158,shootfilm,1
3159,35mmfilm,1
3160,marathwada,1
3161,agrariancrisis,1
3162,–∏–Ω–¥–∏—è,5
3163,–ª–æ–¥–∫–∞,2
3164,—Ä—ã–±–∞–∫–∏,3
3165,indianocean,4
3166,—Ñ–æ—Ç–æ–ø—Ä–æ–µ–∫—Ç,6
3167,–º–æ—Ä—è,1
3168,–¥–æ–∫—É–º–µ–Ω—Ç–∞–ª—å–Ω–∞—è—Ñ–æ—Ç–æ–≥—Ä–∞—Ñ–∏—è,7
3169,—Ä—ã–±–∞,3
3170,„Éê„É≥„Ç∞„É©„Éá„Ç∑„É•,1
3171,riverview,2
3172,Ê∞óÂÄôÂ§âÂãï,3
3173,Âπ≤„Å∞„Å§,1
3174,Ê≤≥Â∑ùÊôØË¶≥,1
3175,arcticice,1
3176,arcticseaice,1
3177,surfphoto,1
3178,surfersjournal,7
3179,surfline,5
3180,surfermagazine,2
3181,goldcoast,3
3182,gitzo,1
3183,facebook,3
3184,twitter,2
3185,persist,1
3186,alberta,4
3187,heartriver,1
3188,landscapes,9
3189,bears,1
3190,fireseason,1
3191,peaceriver,1
3192,listentonature,1
3193,land,2
3194,north,2
3195,mightypeace,1
3196,boreal,1
3197,observations,1
3198,–∑–∞–∫–∞—Ç,1
3199,–Ω–µ–±–æ,1
3200,marakannam,1
3201,laborers,1
3202,dehydration,1
3203,ckdu,1
3204,ckdnt,1
3205,pondicherry,1
3206,ckd,1
3207,blink,2
3208,chronickidneydisease,1
3209,everydaymideast,1
3210,womenphotographers,1
3211,snowymountains,1
3212,horsesofinstagram,2
3213,traveladdict,6
3214,codered,2
3215,teahupoo,4
3216,globalnomad,3
3217,bigwavesurfing,2
3218,tahiti,4
3219,billabongprotahiti,1
3220,wsl,3
3221,redbull,2
3222,sportsphotography,2
3223,extremesports,2
3224,birdsofaustralia,1
3225,canonaustralia,7
3226,wow_australia2017,6
3227,blackneckedstork,1
3228,birdfreaks,1
3229,bird_brilliance,1
3230,everythinganimals,2
3231,animal_sultans,2
3232,jabiru,1
3233,streephotographers,1
3234,chennaioilspill,8
3235,saumyakhandelwalphotos,6
3236,egyptdailylife,2
3237,egyptwithlove,1
3238,middleast,1
3239,egyptianstreets,2
3240,peopleofegypt,1
3241,infocus_egypt,1
3242,nile,4
3243,infinix,1
3244,infocus,1
3245,savenature,2
3246,saveenviornment,1
3247,stopgloblewarming,1
3248,saveanimals,1
3249,raghavjuyal,1
3250,galletas,1
3251,siragon,2
3252,phone,1
3253,minimalistic,2
3254,cookies,1
3255,oldbuilding,1
3256,monument,2
3257,elmoaaz_street,1
3258,moments,4
3259,candid,1
3260,photogrpahy,1
3261,wildfire,1
3262,tx,1
3263,unitedstates,15
3264,cleanuo,1
3265,brooklyn,1
3266,bqe,1
3267,endofyear,1
3268,greehousegases,1
3269,nyc,4
3270,ny,2
3271,caracas_estrella,35
3272,virgenesysantos,2
3273,turtle,1
3274,protection,2
3275,greatbarrierreef,2
3276,damage,1
3277,project,2
3278,reef,3
3279,underwater,2
3280,heat,1
3281,australia,11
3282,temperature,4
3283,coralreef,1
3284,coral,1
3285,starfish,1
3286,stress,1
3287,support,2
3288,protect,10
3289,aid,1
3290,improvement,1
3291,tinylife,1
3292,sirvival,1
3293,consevation,1
3294,polarbear,4
3295,survive,1
3296,bear,1
3297,beaches,2
3298,palmbeach,1
3299,floodwater,1
3300,natutr,1
3301,geology,1
3302,seawater,1
3303,barrier,1
3304,10000gallonsaday,1
3305,plains,1
3306,conserve,1
3307,field,1
3308,illinois,1
3309,fields,1
3310,corn,1
3311,document,2
3312,penguin,1
3313,march,1
3314,solutions,1
3315,getinvolved,1
3316,impact,1
3317,thewitnesstreeproject,1
3318,cleanup,1
3319,massachussetts,1
3320,nantucket,1
3321,plasticbags,1
3322,localactivism,1
3323,helping,1
3324,donate,1
3325,parks,3
3326,communities,1
3327,sanddune,1
3328,hurricanesandy,1
3329,solution,1
3330,newjersey,1
3331,cleveland,1
3332,witnesstree,1
3333,lakeerie,1
3334,siaya,1
3335,concerns,1
3336,crops,9
3337,residents,1
3338,servicerangers,1
3339,service,1
3340,statepark,1
3341,tahoe,1
3342,rangers,1
3343,amazingday,1
3344,dolomitireview,1
3345,destinationed,1
3346,mypassion,1
3347,beautifulday,5
3348,mylife,3
3349,wonderfulplaces,2
3350,snowshoes,3
3351,my_dolomiti,1
3352,dolomites,3
3353,lastingvisuals,1
3354,dolomitiemotions,1
3355,beautifulplace,5
3356,visitveneto,5
3357,friends,5
3358,igersveneto,2
3359,loves_dolomiti,1
3360,panoramiveneti,2
3361,photoproject,7
3362,–∏–Ω–¥–∏–π—Å–∫–∏–π–æ–∫–µ–∞–Ω,4
3363,climatechangeuganda,3
3364,casamancia,1
3365,mangrovesproject,1
3366,malireforestationproject,1
3367,coffeemountains,1
3368,ethiopiareforestation,1
3369,theperfectstorm,1
3370,bigwaves,1
3371,landfill,1
3372,24hoursproject,1
3373,vscoarabic,1
3374,cat,2
3375,whpvibrant,1
3376,cairobyme,1
3377,abbie,1
3378,lencultre,1
3379,egypttodaymagazine,1
3380,mappafrica,1
3381,medellin,3
3382,adeuxcestmieux,1
3383,kotatua,1
3384,hearitage,1
3385,photoessay,5
3386,icemelt,1
3387,climat,1
3388,belgique,1
3389,natureculture,1
3390,seaüåä,3
3391,pentax,3
3392,loveintimeoftransit,3
3393,ricohimaging,3
3394,everydaymyanmar,1
3395,docuteam,1
3396,docuoffice,1
3397,lookintothelight,2
3398,welcomerefugees,1
3399,urbanexploration,3
3400,artdistrict,1
3401,vscobeijing,1
3402,urbex,2
3403,historic,1
3404,instabeijing,1
3405,beijing,2
3406,travellove,1
3407,lostplace,1
3408,sepia,1
3409,industrialdesign,1
3410,igerschina,1
3411,798district,1
3412,wintersun,1
3413,railroad,1
3414,katharinahesse,19
3415,evnvironment,1
3416,morocco,1
3417,lavie,1
3418,travelafrica,2
3419,uganda,2
3420,throwbackmonday,1
3421,everydayuganda,1
3422,chacao,4
3423,lacalifornia,2
3424,noicemag,4
3425,yetmagazine,4
3426,humbleartsfoundation,4
3427,justifiedmagazine,1
3428,ecologyproblems,2
3429,phroommagazine,4
3430,thenewtopography,4
3431,cleanpowerplan,1
3432,foammagazine,4
3433,phasesmag,4
3434,nature_skyshotz,3
3435,abcmyphoto,4
3436,nsw,4
3437,ig_discover_australia,2
3438,sunrise_and_sunsets,3
3439,sun_and_beach_sb,3
3440,ig_australia,5
3441,australiagram,3
3442,sky_sultans,3
3443,lakecathie,3
3444,portmacquarie,4
3445,clouds_of_our_world,2
3446,camdenhaven,3
3447,worldbestgram,4
3448,midnorthcoast,2
3449,ig_myshot,4
3450,aussiephotos,2
3451,abc_myshot,1
3452,australia_shotz,1
3453,artpure,1
3454,australia_oz,1
3455,milk,1
3456,milker,1
3457,cowboy,1
3458,eastafrica,2
3459,uruguaynatural,1
3460,ramblamontevideo,3
3461,sunday,2
3462,sundaymorning,1
3463,–º–æ—Ä–µ,3
3464,–¥–µ—Ä–µ–≤–Ω—è,1
3465,lovepeaceandhappiness,1
3466,rescuedog,1
3467,worldpeace,1
3468,animalprotection,1
3469,music,1
3470,saveoceantreasures,1
3471,oceanlife,3
3472,nuevoa√±obrindar√©,1
3473,newyeareve,1
3474,iniciodelverano,1
3475,amanecer,2
3476,outback,1
3477,kalgoorlie,1
3478,squall,1
3479,bushfire,1
3480,skitouring,1
3481,seekingbalancefindingadventure,2
3482,earnyourturns,1
3483,sharksfin,1
3484,gulmarg,1
3485,wildlifeasia,1
3486,rescue,1
3487,jogjaku,3
3488,exploringtheglobe,3
3489,tribal,6
3490,cyclonen,1
3491,cycloon,1
3492,natuurramp,1
3493,lenapus,1
3494,paisaje,2
3495,chilelindo,1
3496,wonderful,2
3497,veneto,3
3498,canyoning,1
3499,belluno,1
3500,igersitalia,3
3501,waterfall,1
3502,suistainable,1
3503,concert,1
3504,enjoynature,1
3505,bandaosiris,1
3506,performance,1
3507,aboca,1
3508,bethechange,2
3509,lucamercalli,1
3510,loveheart,1
3511,verde,1
3512,queimada,1
3513,pomar,1
3514,horta,1
3515,urbanagriculture,1
3516,arboriza√ß√£o,1
3517,fogo,1
3518,greenpower,1
3519,bigsnow,2
3520,igersbelluno,1
3521,everydaylafrontera,2
3522,borderfence,1
3523,migration,3
3524,sonorandesert,1
3525,lafrontera,1
3526,migraci√≥n,2
3527,murofronterizo,1
3528,migrants,1
3529,sonora,2
3530,migrantes,1
3531,believeinfilm,1
3532,desiertodesonora,1
3533,borderwall,2
3534,arizona,2
3535,nobannowall,1
3536,wherethemloversat,1
3537,sonya7r2,1
3538,optoutside,2
3539,üò∑,1
3540,asthma,2
3541,coalisnotclean,1
3542,tattoo,1
3543,wow,1
3544,east,1
3545,atlasofbeauty,1
3546,—Ä—ã–±–∞–ª–∫–∞,1
3547,canon_official,2
3548,akas_khoone,2
3549,canoncamera,2
3550,canon_photography,2
3551,ahwaz,2
3552,ir_photographer,2
3553,honar_pics,2
3554,ir_aks,2
3555,ir_ig,2
3556,ÿ¢ŸÑŸàÿØ⁄Ø€å_ŸáŸàÿß,2
3557,ÿßŸáŸàÿßÿ≤,2
3558,iranian_photography,2
3559,akas_baashi,2
3560,image,5
3561,in,1
3562,ÿßŸáŸàÿßÿ≤_ŸáŸàÿß_ŸÜÿØÿßÿ±ÿØ,1
3563,ÿßŸáŸàÿßÿ≤€å,1
3564,keepitwild,5
3565,globalnomads,3
3566,instatrip,1
3567,planetwanderlust,2
3568,instasnow,1
3569,instanepal,1
3570,flowerpower,1
3571,electricity,3
3572,airsunworldwide,2
3573,saveournature,1
3574,energytree,1
3575,thefuture,2
3576,thefirstenergytree,1
3577,peta,2
3578,stopthepolution,1
3579,iheartwind,3
3580,producing,2
3581,sustainableenergy,3
3582,windturbine,4
3583,birdsafe,1
3584,nopolution,1
3585,verticalaxis,2
3586,birdfree,1
3587,stoppollution,2
3588,savemotherearth,1
3589,martinscorsese,1
3590,healthy,1
3591,ramblademontevideo,1
3592,run,1
3593,ig_nature,2
3594,birders,2
3595,wintermornings,1
3596,Ê≤≥ÂåóÁúÅ,1
3597,hebei,1
3598,Áü≥ÂÆ∂Â∫Ñ,1
3599,changsha,1
3600,chinaüá®üá≥,1
3601,everydaychina,1
3602,srilanka,5
3603,climatefacts,5
3604,igersmexico,1
3605,popocatepetl,1
3606,siluet,1
3607,igerspuebla,1
3608,mexicomagico,1
3609,instapue,1
3610,volcano,2
3611,audela,1
3612,elements_essentiels,1
3613,wildlifeplanet,2
3614,savethewildlife,1
3615,infini,1
3616,protecttrees,1
3617,protectwildlife,1
3618,protectoceanlife,1
3619,bns_nature,1
3620,protectanimals,1
3621,natureprotect,1
3622,wildlife_seekers,1
3623,seacliff,1
3624,beachday,1
3625,environmentaljustice,1
3626,cowspiracy,1
3627,vegetarianos,1
3628,picoftheweek,2
3629,seca,3
3630,meatfree,1
3631,brazilhinterland,3
3632,nordeste,3
3633,120mmfilm,2
3634,cimattechange,1
3635,meatreduction,1
3636,–º–∞–π—Å—Ç–µ—Ä–∫–ª–∞—Å,1
3637,wildnature,1
3638,–¥–∏–∫–∞–ø—Ä–∏—Ä–æ–¥–∞,1
3639,—Ñ–æ—Ç–æ–≥—Ä–∞—Ñ—ñ—è,1
3640,theguardian,1
3641,queensland,2
3642,wearefucked,1
3643,storiesofindia,2
3644,cngiveitashot,1
3645,colombo,1
3646,ainelsokhna,1
3647,palms,1
3648,stellademare,1
3649,resort,1
3650,seaview,1
3651,oilspill,2
3652,bayofbengal,4
3653,ennorebeach,2
3654,oil,3
3655,tamilnadu,2
3656,genderequality,2
3657,samburu,2
3658,calavera,1
3659,skull,1
3660,writing,1
3661,healthyfood,1
3662,citylife,3
3663,healthylife,1
3664,fishermanshop,1
3665,healty,1
3666,smile,7
3667,fun,1
3668,writtenwall,1
3669,mud,2
3670,everydaylatinoamerica,6
3671,volcan,2
3672,mudslide,3
3673,faith,3
3674,catastrophe,3
3675,virgin,1
3676,jujuy,3
3677,esdgc,1
3678,mockcop,1
3679,modelun,1
3680,–∫–æ–Ω–∫—É—Ä—Å,1
3681,—Ñ–æ—Ç–æ–∫–æ–Ω–∫—É—Ä—Å,1
3682,climatetracker,2
3683,maniqui,1
3684,marmostatuario,7
3685,sculpteur,2
3686,artistsofinstagram,6
3687,xcavate2016,1
3688,mumbaidiaries,1
3689,swagphoneiscoming,1
3690,blogger,1
3691,makeearthgreenagain,2
3692,infectedlighting,1
3693,salewa,2
3694,memories,1
3695,makeearthgreatagain,1
3696,nambas,1
3697,bignambas,1
3698,governance,1
3699,resistance,1
3700,womenpower,1
3701,watermafia,1
3702,landrights,1
3703,realestate,1
3704,urbanization,1
3705,gharbachaogharbanao,1
3706,righttothecity,1
3707,cities,1
3708,capitalism,1
3709,builderlobby,1
3710,peoplesmovements,1
3711,housingrights,1
3712,unicefwater,2
3713,therighttowater,1
3714,misgovernance,1
3715,westpapua,1
3716,fightdeforestation,1
3717,threes,1
3718,nature_skyshots,2
3719,climatereality,3
3720,animalphotography,2
3721,red,3
3722,everydayeasterneurope,2
3723,frog,1
3724,montenegro,8
3725,frogseason,1
3726,nature_brilliance,3
3727,nature_wizards,2
3728,nature_sultans,2
3729,cruising_australia,1
3730,supratimart,3
3731,monsoon,4
3732,dhaka,5
3733,burigangariver,1
3734,fruit,1
3735,kompasunpublished,1
3736,festivalfotografikompas,1
3737,ricefield,1
3738,horses,1
3739,tedideasearch2017,1
3740,womeninphotojournalism,1
3741,flashesofdelight,1
3742,whyilovekenya,1
3743,population,2
3744,igersnairobi,1
3745,genderbalance,1
3746,thehappynow,1
3747,kievgram,3
3748,antropologie,1
3749,subjectivelyobjective,1
3750,newtopographics,3
3751,garbagedump,3
3752,planttherapy,1
3753,succulentsaturday,1
3754,homewares,1
3755,greenhouseeffect,1
3756,artsanity,1
3757,protectourplanet,1
3758,keramik,1
3759,ceramicart,1
3760,bowlinggreenmassacre,1
3761,leafandclay,1
3762,handmadepottery,1
3763,homegoods,1
3764,verilymoment,1
3765,aquietstyle,1
3766,peaberrypottery,1
3767,interiorinspo,1
3768,succulentpups,1
3769,clayistheway,1
3770,gun,1
3771,salaheldincitadel,1
3772,castle,2
3773,weaponshall,1
3774,greettheoutdoors,1
3775,wearestillwild,2
3776,welivetoexplore,2
3777,earthofficial,2
3778,wonderfulindonesia,2
3779,betheadventure,2
3780,endangeredspecies,2
3781,theglobewanderer,2
3782,roamtheplanet,2
3783,exploremore,2
3784,wildme,1
3785,lonelyplanet,3
3786,budayaindonesia,1
3787,lenseculture,1
3788,donaltrump,1
3789,letreros,1
3790,modomarathon,2
3791,happymoment,2
3792,documentaryphotographers,1
3793,sedapatagonia,2
3794,everydaybolivia,1
3795,tamrontps,9
3796,yolanda,2
3797,haiyan,4
3798,yolandaph,2
3799,donetsk,1
3800,theweekoninstagram,5
3801,neeldongregrant2016,1
3802,friendsinperson_08,1
3803,ragpickers,1
3804,recycling,1
3805,hyderabad,1
3806,environmentalissue,1
3807,sickcountry,1
3808,perogovo,1
3809,–æ–∫–µ–∞–Ω,1
3810,–º–µ–¥—É–∑–∞,1
3811,photostory,2
3812,roadtrip,1
3813,huaweip8,1
3814,mahdibarchian,1
3815,baluchistan,1
3816,worldwetlandsday,2
3817,hamoonlake,1
3818,worldwetlandsday2017,1
3819,identity,1
3820,ramsarconvention,1
3821,sistan,1
3822,storiesofiranians,1
3823,giza,2
3824,kooloonbungcreek,1
3825,animalsmood,1
3826,animalfanatics,1
3827,leoandindie,1
3828,ranchi,3
3829,onepluslife,3
3830,knifes,1
3831,sharpknifes,1
3832,weeding,1
3833,respect,7
3834,ecoliving,6
3835,solarsolutions,6
3836,cleantech,2
3837,climatecontrol,7
3838,renewableresources,1
3839,fightthegoodfight,6
3840,naturalproducts,4
3841,cleantechno,1
3842,solarpv,6
3843,pacific,2
3844,pacificwarriors,1
3845,kiribati,1
3846,fulbright,1
3847,oceania,2
3848,waveoftheday,1
3849,perfectwave,1
3850,surfphotos,2
3851,blueskies,2
3852,theperfectwave,1
3853,essayphotography,2
3854,sodomandgomorrah,1
3855,athabascaglacier,3
3856,sdg13,3
3857,rockies,2
3858,jashleynixon,3
3859,raven,1
3860,columbiaicefield,3
3861,geomorphology,3
3862,moraine,3
3863,jasper,3
3864,mountainphotography,2
3865,jaspernationalpark,3
3866,athabasca,3
3867,birdphotography,1
3868,airiceland,1
3869,icelandair,2
3870,leicacolorfulweeks,1
3871,icebergs,1
3872,gr√∏nland,1
3873,seaice,2
3874,leicacolourfulweeks,1
3875,visitgreenland,1
3876,centralvalley,7
3877,artista,1
3878,arte,4
3879,sculpteurs,1
3880,sadview,1
3881,peopleneednature,2
3882,balanceisthekey,1
3883,oceanlove,2
3884,bridge,3
3885,backstage,1
3886,storiesofthecoast,2
3887,pier,1
3888,balance,1
3889,walk,1
3890,doyoudare,1
3891,toomuch,1
3892,bridges_aroundtheworld,1
3893,plasticproblems,2
3894,consumer,3
3895,oceaniseverything,1
3896,plasticbeach,2
3897,cloud,1
3898,monogram,1
3899,quito,1
3900,needhelp,1
3901,cleanoceans,2
3902,maskerwajah,1
3903,caracashermosa,6
3904,losproceres,1
3905,ezequielzamora,1
3906,nicolasmaduro,1
3907,bestoftheday,3
3908,peoplescreative,1
3909,egyptian,2
3910,vscoüì∑,3
3911,caf,2
3912,christ,1
3913,ourdailyplanet,5
3914,exploretheworld,2
3915,umbrella,1
3916,coloradosprings,2
3917,conservationphotography,2
3918,canoneos,2
3919,beetlekill,1
3920,waldocanyonfire,2
3921,restoration,2
3922,rmficolorado,2
3923,forestfires,1
3924,bolunteers,1
3925,burnscar,1
3926,volunteerworkers,1
3927,waldocanyonburnscar,1
3928,volunteers,1
3929,adventuresinlight,3
3930,justaddwater‚ûï,1
3931,redgirl,1
3932,oceancleanup,1
3933,eastasia,1
3934,danmalloy,2
3935,photocontest,1
3936,nashiargan,1
3937,won,1
3938,unitedkingdom,1
3939,towerbridge,1
3940,london,1
3941,canonlens,1
3942,best_photogram,3
3943,coophshoutout,1
3944,inverno,1
3945,foggy,1
3946,brescia,3
3947,ournaturedays,3
3948,fromhiltonhotel,1
3949,octoberbridge,1
3950,bigapple,1
3951,upcycle,1
3952,americangirl,1
3953,nest,1
3954,iseoulu,2
3955,publichealth,2
3956,climatechangesireal,2
3957,nitrogendioxide,1
3958,heart,1
3959,didyouknowüëâ,7
3960,pollutants,1
3961,reducecarbon,8
3962,leosavestheplanet,12
3963,globalwarmingisreal,5
3964,uk,1
3965,gardens,1
3966,ozone,2
3967,lung,1
3968,didyouknow,6
3969,altafloresta,1
3970,cristalinostatepark,1
3971,4,1
3972,tea_journals,1
3973,photosociety,1
3974,bnw_one,1
3975,photoshoot,1
3976,3,1
3977,2,1
3978,arabiansea,1
3979,carbonemissions,1
3980,roads,1
3981,metro,1
3982,holgacamera,1
3983,bahia,1
3984,cabra,1
3985,goat,2
3986,longterm,1
3987,Ê≤≥Â∑ùÊñáÂåñ,1
3988,riverculture,1
3989,goodmorningamerica,1
3990,waterchicago,6
3991,cooma,1
3992,abcarts,1
3993,photooftheweek,2
3994,stormclouds,1
3995,travelafrique,2
3996,kathmandu,1
3997,documenting,1
3998,nepal,2
3999,thelensbible,1
4000,olympus,1
4001,p,1
4002,onmyway,2
4003,goingtowork,2
4004,autobus,1
4005,skywiththickclouds,1
4006,tropicalisland,1
4007,artprint,1
4008,beautufuldestinations,1
4009,toxicair,1
4010,us,3
4011,richmond,1
4012,icausebeautiful,1
4013,publicland,1
4014,keepitpublic,1
4015,pronghorn,1
4016,sciencebasedpolicy,1
4017,fireworks,1
4018,gosolar,2
4019,seychelles,1
4020,free,1
4021,carbondioxide,3
4022,saveocean,3
4023,carbonemission,2
4024,winter2017,2
4025,wolfinsheepsclothing,1
4026,chacaito,1
4027,risingsea,1
4028,westbengal,1
4029,mangrove,1
4030,sunderban,1
4031,mylifestyle,1
4032,everydayurmia,2
4033,sharafkhaneh,2
4034,ir_mobilgeraphy,2
4035,phototraveling,2
4036,saltlake,3
4037,discoveriran,2
4038,saltdesert,2
4039,iphonegraphy,2
4040,worldtravelmagazin,2
4041,minimalha,2
4042,lakeurmia,3
4043,urmia,2
4044,weatherchannel,4
4045,cement,1
4046,abandonedlandscapes,1
4047,photopoetry,1
4048,everydaycolombia,1
4049,bogota,2
4050,photojurnalism,2
4051,mediterranean,3
4052,coveredpalmtree,1
4053,ulqin,3
4054,covered,1
4055,palmtree,2
4056,desi_diaries,1
4057,skytrail,1
4058,bnw_india,1
4059,runner,1
4060,canoneos30d,1
4061,pesonajambi,1
4062,jambiku,1
4063,travelltrip,1
4064,infojambi,1
4065,galeryjambi,1
4066,taujambi,1
4067,fineartphotography,2
4068,exploreaustralia,1
4069,disastermanagement,5
4070,brahamaputra,3
4071,floodsinassam,11
4072,assamflood,10
4073,floodplain,9
4074,naturalcalamity,10
4075,drowningstate,11
4076,seeallsides,1
4077,notforall,1
4078,travelphoto,2
4079,tourism,2
4080,surfersagainstsewage,1
4081,naturelover,2
4082,dirty,1
4083,theotherside,1
4084,dontbeblind,1
4085,gosomewhereelse,1
4086,familia,2
4087,angular,2
4088,bebe,1
4089,pictures,1
4090,documentalismo,1
4091,gaelaitor,1
4092,retrato,2
4093,mifamilia,2
4094,baby,1
4095,instarepost,1
4096,actionaid,3
4097,icemelting,4
4098,climatescience,4
4099,–µ–∫—Å–ø–µ–¥–∏—Ü—ñ—è,2
4100,—Ä—ñ—á–∫–∞—ñ–Ω–≥—É–ª,2
4101,—â–æ_–≤–∏_–∑–Ω–∞—î—Ç–µ_–ø—Ä–æ_–ø–æ—ñ–≥—É–ª–ª—è,2
4102,–ø–æ—ñ–Ω–≥—É–ª–ª—è,2
4103,—ñ–Ω–≥—É–ª,2
4104,–≤–∏—Å–æ—á–∏–Ω–Ω–µ–ø–æ—ñ–Ω–≥—É–ª–ª—è,2
4105,–µ–∫–æ–ª–æ–≥—ñ—á–Ω—ñ–ø—Ä–æ–±–ª–µ–º–∏,2
4106,–Ω–∞–π–∫—Ä–∞—â–∞_–∫–æ–º–∞–Ω–¥–∞,1
4107,antimano,3
4108,agencecosmos,2
4109,munshigonj,1
4110,safedrinkingwater,3
4111,myegypt,1
4112,everydaymiddleseast,1
4113,windsofchange,1
4114,windowview,1
4115,ontheroad,2
4116,sokhna,1
4117,glorious,1
4118,peacefulness,1
4119,cottoncandyclouds,1
4120,glorioussky,1
4121,checkouegypt,1
4122,therewillbelight,1
4123,windmills,6
4124,suez,1
4125,theweekend,1
4126,cottoncandy,1
4127,cottoncandysky,1
4128,photographyprints,3
4129,alaskalife,1
4130,alaskansknowclimatechange,1
4131,glacialmelt,1
4132,protectourhome,1
4133,chelseahornart,1
4134,whythefuckisthisstilladebate,1
4135,loveourland,1
4136,grewinkglacier,1
4137,sharingalaska,1
4138,payattention,1
4139,glacialflow,1
4140,karun,2
4141,blog,4
4142,blogging,1
4143,ecooco,1
4144,carpathian,1
4145,prostomandry,1
4146,sourcedadventures,1
4147,—è—Ö–æ—á—É–¥—ã—à–∞—Ç—å,1
4148,europe,2
4149,shrimps,1
4150,ldfoundation,2
4151,ldf,2
4152,emissions,1
4153,saveourplant,2
4154,mosque,2
4155,islamicart,1
4156,elkhazendar,1
4157,cairoegypt,1
4158,kutdistan,1
4159,fujixt,1
4160,abogbloshie,1
4161,monstersinprint,1
4162,southpacificclimatechange,1
4163,cyclonewinston,1
4164,fiji,1
4165,collectiveaction,1
4166,weseeit,1
4167,climatechangeinfiji,1
4168,mali,1
4169,thisisreal,1
4170,vorovoro,1
4171,notallthatglittersisgold,1
4172,laguna,4
4173,quiet,4
4174,shortage,4
4175,bolivia,4
4176,futureworld,4
4177,rainseason,4
4178,minimal,4
4179,cumbre,4
4180,dam,4
4181,pipe,2
4182,cotapata,4
4183,lapaz,4
4184,snowmountain,2
4185,troms√∏,1
4186,arcticcouncil,1
4187,arcticfrontiers,1
4188,join,1
4189,standingrock,1
4190,notofossilfuels,1
4191,standwithstandingrock,1
4192,standup,1
4193,ec–æok–æ,1
4194,e—Å–æok–æ,2
4195,cleantechnology,3
4196,alternativeenergy,4
4197,microbus,1
4198,redalert,1
4199,staystrong,1
4200,‰∏≠ÂõΩ,1
4201,Âåó‰∫¨,1
4202,soilerosion,2
4203,worldslargestriverisland,1
4204,livelihood,2
4205,majuli,5
4206,assamflood2016,2
4207,aftermath,6
4208,rehabilitation,8
4209,instagramgrant,2
4210,displacedfamilies,7
4211,humanintereststories,8
4212,fooodinsecurity,1
4213,nz,1
4214,student,1
4215,petstagram,1
4216,davaodelnorte,1
4217,pets,1
4218,sanfrancisco,1
4219,cccs2017,1
4220,womensmarch,1
4221,atmosphericriver,1
4222,womensmarchsf,1
4223,flag,1
4224,guatemalaüá¨üáπ,1
4225,guatemalacity,1
4226,montura,1
4227,sonycamera,1
4228,gabel,1
4229,bostonglobe,1
4230,feet,1
4231,feature,1
4232,associatedpress,2
4233,ethiopi√´,1
4234,care,1
4235,afrique,1
4236,hargeisa,1
4237,madagascar,1
4238,androy,1
4239,church,1
4240,eglise,1
4241,mada,1
4242,everydaymadagascar,1
4243,igersmadagascar,1
4244,travelstories,2
4245,foodinsecurity,10
4246,floodrelief,4
4247,storiesfromassam,7
4248,climatechangeindia,6
4249,riverislands,2
4250,shatkhera,3
4251,suburban,4
4252,villagerforest,2
4253,dreamingincolorphotography,1
4254,canon70d,1
4255,floodstory,1
4256,majuliisland,1
4257,stopsabaltrail,1
4258,nopestasides,1
4259,saveoakflat,1
4260,nokxl,1
4261,veganism,1
4262,panature,1
4263,chescopa,1
4264,pennswoods,1
4265,pawild,1
4266,itweetwithbadlands,1
4267,pa,1
4268,in2nature,1
4269,permaculture,7
4270,govegan,1
4271,mickfanning,2
4272,skycolors,1
4273,rambla,1
4274,waves,3
4275,mexicophotgraphers,2
4276,filmphotography,3
4277,womanspower,1
4278,womansrights,1
4279,iloveblackandwhite,2
4280,love_bnw,2
4281,darkroom,2
4282,silverprint,2
4283,buyfilmnotpixels,2
4284,texture,2
4285,pov,1
4286,mexture,1
4287,fromhere,1
4288,fromwhereidrone,1
4289,leadinggeneration,3
4290,materials,3
4291,23e,2
4292,iphone6,2
4293,lacumbre,2
4294,bwphotography,2
4295,rock,2
4296,climatechangeukraine,1
4297,kerja,1
4298,oi,1
4299,enkatalavillage,1
4300,3988,1
4301,newyorktimes,1
4302,hottestyear,2
4303,exploration,7
4304,record,1
4305,1921,1
4306,azdarya,3
4307,4166,1
4308,urbanism,1
4309,urbanismo,1
4310,paraguay,3
4311,asuncion,2
4312,asuncentro,2
4313,streets,2
4314,welovescience,1
4315,skywithyhickclouds,1
4316,relief,3
4317,assamfloods,2
4318,floodfury,5
4319,muizenberg,1
4320,capetown,2
4321,therealcityofcapetown,1
4322,southafrica,1
4323,thesestreetsza,1
4324,themeaningoflife,1
4325,thelifeofbrian,1
4326,waltermitty,1
4327,nomorecoal,1
4328,durde,1
4329,foryourstory,1
4330,coalpower,1
4331,turkey,1
4332,cliamatechange,1
4333,keremyucel,1
4334,shootingcapetown,1
4335,fujifeed,1
4336,fujifilmxt1,1
4337,–ø–ª—è–∂,2
4338,summer2016,1
4339,assamflood2015,3
4340,2238,1
4341,helicopter,1
4342,1823,1
4343,igersgermany,1
4344,bayernmunich,1
4345,overpopulation,1
4346,munchen,1
4347,beutifuldestinations,1
4348,bayern,1
4349,igersmunich,1
4350,society,1
4351,olympic,1
4352,igersbayern,1
4353,over,1
4354,noor,1
4355,munich,1
4356,deutschland,1
4357,architektur,1
4358,beutiful,1
4359,igersdeutschland,1
4360,overwatch,1
4361,nikonitalia,1
4362,colours,1
4363,dronecommunity,2
4364,northcotabato,3
4365,dji,3
4366,dronephotography,3
4367,mindanao,3
4368,everdaymindanao,3
4369,everydaynorthcotabato,3
4370,dronestagram,3
4371,Ê≤≥Â∑ù,1
4372,fatherandson,1
4373,everydaybangsamoro,1
4374,dailyoverview,1
4375,palmtrees,1
4376,everydaycounts,2
4377,firstlight,2
4378,goddamnit,1
4379,donaldtrump,1
4380,foteignpolicy,1
4381,globalthreat,1
4382,malecity,1
4383,igersgreenland,1
4384,igersoftheday,1
4385,120film,1
4386,riau,2
4387,tiburones,1
4388,seaofcortez,1
4389,pelagic,1
4390,seamonsters,1
4391,themanandthesea,1
4392,deepblue,1
4393,monsta,1
4394,sharks,1
4395,seacreatures,1
4396,seafirefly,1
4397,hpw,3
4398,fightclub,1
4399,turkana,1
4400,laketurkana,1
4401,laketurkanawindpower,1
4402,streephotography,2
4403,ig_global_people,12
4404,ccr_2017,1
4405,instanusantara,1
4406,stupid,1
4407,sonya6300,1
4408,engineering,1
4409,360,1
4410,chalomp,1
4411,hfe,1
4412,shotoniphone6s,1
4413,windturbines,1
4414,madhyapradesh,1
4415,engineer,1
4416,pinyonpinejuniperforest,1
4417,humanoverpopulation,2
4418,northwestcolorado,1
4419,wildlifephotography,4
4420,westernslope,1
4421,humanhabitatdestructionendangeredplanet,2
4422,rangefire,1
4423,cheatgrass,1
4424,coloradoplateaudesert,1
4425,dams,1
4426,endangeredplanet,1
4427,silt,1
4428,lakepowel,1
4429,desertlandscapes,1
4430,cuatimalan,1
4431,searchingforstories,1
4432,nahuatl,1
4433,access,2
4434,capetownmag,2
4435,csir,2
4436,worker,5
4437,borguna,1
4438,migrant,5
4439,deadanimal,1
4440,temperaturerise,2
4441,saveglaciers,1
4442,ecologicalimbalance,3
4443,greenair,1
4444,barackobama,1
4445,nation,1
4446,owenwright,1
4447,meditation,1
4448,rainbow,2
4449,everchanging,1
4450,spirituality,1
4451,zazen,1
4452,spiritualgrowth,1
4453,innerpeace,1
4454,spiritualjourney,1
4455,earthfortomorrow,1
4456,globalclimate,1
4457,everdayegypt,2
4458,instameet,2
4459,est√°quearde,1
4460,japow,1
4461,thisisfreeride,1
4462,instamontenegro,3
4463,—Å–º–æ–≥,1
4464,–µ–∫–æ–∞–∫—Ç–∏–≤—ñ–∑–º,1
4465,monuments,2
4466,pattern,1
4467,elmoaazstreet,1
4468,elhakembamrallah,1
4469,sagegrouse,1
4470,bison,1
4471,sagebrush,1
4472,grandtetons,1
4473,miningfield,1
4474,ceruleanblue,1
4475,latinoamerica,2
4476,sudamerica,1
4477,trucks,2
4478,chilegram,1
4479,shore,1
4480,ig_chile,1
4481,insta_chile,1
4482,tires,1
4483,elpinacate,1
4484,border,1
4485,cercofronterizo,1
4486,desiertodealtar,1
4487,frontera,1
4488,apolo,1
4489,nasa,1
4490,vimptfreeprint,1
4491,onthestreets,1
4492,documentry,1
4493,st_ph,1
4494,republicofhumanity,1
4495,qazvin,1
4496,ŸÇÿ≤Ÿà€åŸÜ,1
4497,communityfirst,1
4498,ig_energy_people,14
4499,altamira,2
4500,everyday_yemen,1
4501,theycare,1
4502,ilsveillent,1
4503,turtles,2
4504,selfieleavescarbonfootprints,1
4505,selfies,1
4506,footprint,1
4507,fossilfuel,3
4508,mobile,2
4509,google,1
4510,drinkfromglass,2
4511,straws,1
4512,youtube,1
4513,underwaterphotography,3
4514,russia,3
4515,—Ä–æ—Å—Å–∏—è,1
4516,stars,2
4517,follow4follow,4
4518,zoo,2
4519,girl,3
4520,–∂–∏–≤–æ—Ç–Ω—ã–µ,1
4521,followme,4
4522,amazing,9
4523,likeforlike,3
4524,vscorussia,2
4525,dear,1
4526,mars,1
4527,marvel,1
4528,sunpower,1
4529,sunking,1
4530,—ç–∫–æ—ë–ª–∫–∞,1
4531,–Ω–æ–≤—ã–π–≥–æ–¥,1
4532,–≥—Ü_22,1
4533,fggrt,1
4534,karazina,1
4535,–µ–ª–∫–∞,1
4536,studrada,1
4537,eccoko,1
4538,–≥–µ–æ,1
4539,kolashin,1
4540,body,1
4541,newsphotograohy,3
4542,dryland,2
4543,pinetreeforest,1
4544,bjelasica,1
4545,latenightlight,1
4546,ilovemyprovence,1
4547,sundaysessioncycle,1
4548,veloledimanche,1
4549,katewinslet,2
4550,carbonfootprints,1
4551,harness,2
4552,titanic,2
4553,plasticpollutes,9
4554,window,2
4555,textures,2
4556,textureshot,2
4557,g√ºnaydƒ±n,1
4558,huancabamba,1
4559,neblina,1
4560,cruzatucamino,1
4561,flying,1
4562,saltwalter,1
4563,inthesky,1
4564,redwater,1
4565,greatview,1
4566,colourful,1
4567,greatshot,1
4568,lightening,1
4569,dicaprio,7
4570,renewablwenergy,1
4571,leo,6
4572,pollutioncontrol,2
4573,sweden,1
4574,riseinsealevel,1
4575,experiment,1
4576,economyüòé,1
4577,olympuscamera,13
4578,ignorway,13
4579,unisvalbard,13
4580,northernnorway,10
4581,olympusfrance,13
4582,norway2day,13
4583,visitsvalbard,13
4584,longyearbyen,13
4585,olympusnorge,13
4586,olympusomdem5,13
4587,scandinavianphoto,13
4588,imagesofnorway,13
4589,nordnorge,13
4590,visitspitsbergen,13
4591,mittsvalbard,13
4592,em5,13
4593,norgefoto,13
4594,wipplay,7
4595,university,1
4596,didyouknowüëâüåª,3
4597,reading,1
4598,basketballdiaries,2
4599,paristalk2015,1
4600,catchmeifyoucan,1
4601,freshair,1
4602,alankapoor,3
4603,rickshaw,1
4604,urbannature,1
4605,naturalezaurbana,1
4606,monirulalam,3
4607,artdealer,2
4608,rechauffement,2
4609,artnet,2
4610,control,1
4611,blackandwhitephoto,1
4612,beautifuldestination,1
4613,allshots,2
4614,pastel,1
4615,carbonno,2
4616,savetree,2
4617,soil,1
4618,climatechangeeveryday,1
4619,thesurfjournal,1
4620,oceanlovers,2
4621,journeybeyond,1
4622,southernoceans,3
4623,rosssea,3
4624,arbres,2
4625,arbreville,2
4626,citytree,2
4627,watch,1
4628,antique,1
4629,balkans,1
4630,firstsnow,3
4631,kalajaulqinit,1
4632,mediterraneansnow,1
4633,olivetree,1
4634,clocktower,1
4635,sahatkullaulqin,1
4636,swimwear,1
4637,fashiondesigner,1
4638,activewear,1
4639,fashionswimwear,2
4640,splash,1
4641,getoutdoors,1
4642,swim,1
4643,nature_lovers,1
4644,pinterest,1
4645,carpooling,1
4646,ozonelayer,1
4647,turbines,1
4648,refillwater,2
4649,uvrays,1
4650,refillrevolution,1
4651,ozonelayerdepletion,1
4652,cooker,1
4653,layerdepletion,1
4654,fuel,1
4655,calmandcomposedalankapoor,1
4656,coconutoil,1
4657,canonphotography,1
4658,isbj√∏rn,1
4659,stillwatersrundeep,1
4660,kolasin,1
4661,kolasinskiresort,1
4662,bratica,1
4663,whiteallovertheplace,1
4664,bellasartes,1
4665,cities4climate,1
4666,notmadeforcoldclimates,1
4667,stopclimatechange,1
4668,savetheclimate,1
4669,climatehope,1
4670,tropicalclimate,1
4671,climatemarch,1
4672,climatebondsinitiative,1
4673,microclimate,1
4674,justiceforclimatechange,1
4675,fightclimatechange,1
4676,climaterevolution,1
4677,climatefinance,1
4678,climateleaders,1
4679,climateribbon,1
4680,climaterealityproject,1
4681,climatenews,1
4682,combatclimatechange,1
4683,actionsspeaklouderthanwords,1
4684,bekind,1
4685,woods,1
4686,lovenaturesbeauty,1
4687,coalmine,1
4688,undergroundfire,1
4689,moody,1
4690,dhanbad,1
4691,assignment,2
4692,mine,1
4693,mylove,1
4694,dumping,1
4695,energyindependent,1
4696,renewableenergynow,1
4697,opportunity,1
4698,merdeglace,1
4699,montblanc,1
4700,actforclimatechange,1
4701,ontotheroad,1
4702,vagabond,1
4703,backpacking,2
4704,lesotho,1
4705,humansofinstagram,1
4706,socialimpact,1
4707,chinstate,1
4708,offthebeatentrack,2
4709,pactpromise,1
4710,lategram,1
4711,lovedoes,1
4712,purpose,1
4713,igersmyanmar,1
4714,givingback,1
4715,backpacking4energy,1
4716,burma,1
4717,iheartmyanmar,1
4718,beautifulpeople,1
4719,changeisyou,1
4720,lightbox,1
4721,watertowers,2
4722,shaibaba,2
4723,roofoftheworld,2
4724,sikkim,2
4725,dailybestpic,9
4726,byke,1
4727,humansofafrica,1
4728,happiness,2
4729,africanway,1
4730,workingtrip,1
4731,travellingaround,1
4732,workingwoman,1
4733,sharing,1
4734,svnoorderlicht,2
4735,storyofstuff,2
4736,arachronism,2
4737,products,2
4738,electronics,2
4739,saynotocarbon,1
4740,rising,2
4741,solarspill,1
4742,bj√∏rn√∏ya,1
4743,arcticexplorer,2
4744,nemothehusky,1
4745,seagull,1
4746,frackfreeohio,1
4747,hawaii,1
4748,waimeabay,1
4749,waterandlight,1
4750,waimea,1
4751,bodyboarding,1
4752,bodyboard,1
4753,mediumformatcamera,1
4754,industries,1
4755,an,1
4756,asambleanacional,1
4757,durabledevelopment,5
4758,root,1
4759,devellopementdurable,5
4760,endemism,1
4761,factüëâ,1
4762,footprints,3
4763,carryhandbags,1
4764,refillbottles,1
4765,changehabits,1
4766,pollutionfreeearth,2
4767,usepaperbags,1
4768,marine,1
4769,banplasticstraw,1
4770,stopusingplastic,1
4771,avoidstraw,1
4772,choosemountains,1
4773,themountainsarecalling,1
4774,blackwhitephoto,1
4775,statigram,1
4776,mobility,1
4777,bw_photooftheday,1
4778,murakami,1
4779,eyeemphoto,3
4780,1q84,1
4781,samsung,1
4782,aiport,2
4783,ig_medellin,2
4784,rionegro,2
4785,instashoot,2
4786,aeropuerto,2
4787,streetphotomobile,1
4788,ig_bnw,2
4789,monocrome,2
4790,igersmedellin,2
4791,elcolombiano,1
4792,nageoyourshot,1
4793,igcolombia,1
4794,natgeoyourshoot,1
4795,streetphotointernational,1
4796,travelphotographysociety,1
4797,nytimestravel,1
4798,fotochacao,3
4799,üíØ,1
4800,fineartprint,1
4801,jargalan,3
4802,families,3
4803,jargelan,1
4804,lasparedeshablan,1
4805,espana,2
4806,espa√±a,2
4807,madrid,1
4808,blackegg,1
4809,eggs,1
4810,oeuf,1
4811,renaissance,1
4812,rebirth,1
4813,bayou,2
4814,louisianalife,6
4815,mississippidelta,4
4816,ig_unitedstates,3
4817,ruralamerica,2
4818,southernlife,4
4819,louisiana,7
4820,terrebonneparish,1
4821,theimaged,4
4822,symmetrical,1
4823,pollutewaste,1
4824,jakarta,2
4825,guardiancities,1
4826,guardiancity,1
4827,earthquakes,1
4828,switchtosolar,1
4829,temperatures,1
4830,sandstorms,1
4831,stopplastic,1
4832,kids,1
4833,landslides,1
4834,nopollution,1
4835,cleanpower,1
4836,windmill,1
4837,lekalonise,2
4838,letitsnow,1
4839,apulia,2
4840,nonsicapiscepiuuncazzo,1
4841,salento,2
4842,igerslecce,1
4843,southitaly,1
4844,canyoubelieveit,1
4845,artactivity,1
4846,indigenous,1
4847,craft,1
4848,arteducation,1
4849,artislife,1
4850,newyearsresolution,1
4851,4319,1
4852,speach,1
4853,seniorhighschool,1
4854,parisagreement,1
4855,youth,1
4856,students,1
4857,shs,1
4858,travel_captures,1
4859,natureshots,1
4860,everydayiceland,1
4861,geography,1
4862,voyageursdumonde,1
4863,topnature,1
4864,natgeolandscape,1
4865,landscapephoto,1
4866,viajando,1
4867,igerspain,1
4868,roundtrip,1
4869,igerscatalunya,1
4870,icelandic,1
4871,travelawesome,1
4872,landscaper,1
4873,aroundtheworld,2
4874,geografia,1
4875,svinafellsjokull,1
4876,vistor,1
4877,anikrahman,1
4878,lemonde,1
4879,runaflirts,1
4880,oilspills,1
4881,everydayecuador,1
4882,4268,1
4883,2040,1
4884,rurallife,1
4885,unitedstatesofamerica,1
4886,ruralexploration,1
4887,goldenhourphotography,1
4888,ruraldecay,1
4889,poor,1
4890,lafourcheparish,1
4891,grandeisle,2
4892,smalltownusa,2
4893,lightandshadow,1
4894,shadowplay,1
4895,shadowhunters,1
4896,smalltown,3
4897,shadowgram,1
4898,decorations,1
4899,traditions,1
4900,mardigrasbeads,1
4901,photographyprint,1
4902,23,1
4903,wildlifeonearth,1
4904,jj_daily,1
4905,weekly_feature,1
4906,macawproject,1
4907,wildlifefriend,1
4908,canonusa,1
4909,wildlife_perfection,1
4910,discoverglobe,1
4911,wildlife_supreme,1
4912,prestige_pics_,1
4913,charlottesville,1
4914,nola,3
4915,persepective,1
4916,neworleans,3
4917,itsyournola,2
4918,leadinglines,1
4919,injustice,1
4920,lower9thward,2
4921,iloveneworleans,1
4922,streetvision,2
4923,katrina,1
4924,americanhistory,2
4925,streetartistry,1
4926,abandonedplaces,2
4927,ilovenola,1
4928,visitneworleans,1
4929,therealla,1
4930,grittyside,1
4931,snapper,1
4932,coolangatta,1
4933,coolhunting,1
4934,vscogram,2
4935,special_shots,1
4936,littlepeople,1
4937,streetside,2
4938,vscogrid,2
4939,streetpics,2
4940,traveler,1
4941,naturetakesbackitscourse,1
4942,lanaturereprendsesdroits,1
4943,uponsand,2
4944,outerbanks,2
4945,obx,2
4946,fukishima,1
4947,markwillacy,1
4948,snowyriver,2
4949,audubonsociety,1
4950,keepparis,1
4951,spectacledeider,1
4952,duck,1
4953,nsf,1
4954,ducksunlimited,1
4955,nationalbirdday,1
4956,herewego,1
4957,greeninglasvegas,7
4958,farmeverywhere,1
4959,carbonnegative,6
4960,gp100in100,1
4961,greensongreensongreens,1
4962,kellyslater,1
4963,everybodystreets,1
4964,ŸÖŸàŸÑÿØ_ÿ±ÿ≥ŸàŸÑ_ÿßŸÑŸÑŸá,1
4965,saintlouis,1
4966,languedebarbarie,1
4967,photojournalisme,1
4968,breatheintheair,1
4969,barrow,1
4970,whale,2
4971,nalukataq,1
4972,freedomthinkers,1
4973,filmteam,1
4974,cinematography,1
4975,enifoundation,1
4976,filmmaker,1
4977,turkishairlines,1
4978,goingto,1
4979,camera,1
4980,setlife,1
4981,upintheair,1
4982,sony,1
4983,eni,1
4984,onset,1
4985,flyhigh,1
4986,palma,1
4987,rosignanosolvay,2
4988,waterpollution,2
4989,tuscany,2
4990,whitebeach,1
4991,snowymountainsnsw,1
4992,yearsjourney,1
4993,speech,1
4994,mustwatch,1
4995,crowdfunding,3
4996,indiegogo,3
4997,carbonneutral,1
4998,jadavpayeng,2
4999,upolu,1
5000,warmwatersproject,1
5001,polinesia,1
5002,lifequotes,1
5003,successquotes,1
5004,millionaires,1
5005,wisdom,1
5006,motivation,1
5007,lifelessons,1
5008,quotestoinspire,1
5009,enterpreneur,1
5010,nomad,1
5011,success,1
5012,personalgrowth,1
5013,perspectives,1
5014,perspective,1
5015,provence,1
5016,winteriscoming,1
5017,safe,1
5018,snorkeling,1
5019,hardtimes,1
5020,countrylife,1
5021,coastallife,1
5022,jeffersonparish,1
5023,barataria,1
5024,reallife,1
5025,bayoulife,1
5026,bayoubarataria,1
5027,graveyard,1
5028,bnw_globe,1
5029,bw_lover,1
5030,hatteras,1
5031,decay,1
5032,bw_society,1
5033,tombstone,1
5034,cemetery,1
5035,cemetery_shots,1
5036,grave,1
5037,gravestone,1
5038,abandoned_junkies,1
5039,salvo,1
5040,headstone,1
5041,greyskies,1
5042,assasinscreed,1
5043,gizapyramids,1
5044,civilization,1
5045,aboelhol,1
5046,pyramidsarea,1
5047,victoria,1
5048,weneedchange,1
5049,embracenature,4
5050,respeiteanatureza,4
5051,peopleandplanet,4
5052,camping,1
5053,kayaking,1
5054,southerlys,1
5055,oldyella,4
5056,iloveit,1
5057,hardearnedthirst,1
5058,breathing,1
5059,soup,1
5060,salmankhandiamondcomics,3
5061,breatingproblems,1
5062,usage,1
5063,pollutes,1
5064,dogs,1
5065,kidneyproblem,1
5066,coalemitscarbon,1
5067,solarcookers,1
5068,comicseries,2
5069,comics,1
5070,coalpollution,1
5071,solarcookersinternational,1
5072,hiver,1
5073,changementclimatique,1
5074,actionclimate,3
5075,paysagedhiver,1
5076,saisons,1
5077,paysage,1
5078,protegeonsnotreplanete,1
5079,rsa,1
5080,peopleofindia,1
5081,wikipedia,1
5082,jj,1
5083,igramming_india,1
5084,climatechangemigration,2
5085,drinkingwatercrisis,2
5086,gender,2
5087,livingonearth,1
5088,happynewyear2017,1
5089,fotostationtps,3
5090,adidas,1
5091,leicacamera,1
5092,streetphotografy,1
5093,surfexploration,1
5094,amazonforest,1
5095,brazilenvironment,1
5096,henrirousseau,1
5097,jordan,2
5098,michaeljackson,1
5099,iambad,1
5100,shifttosolar,1
5101,coalkills,1
5102,bestphotographer,1
5103,laif,1
5104,laifphotoagency,1
5105,wotansday,1
5106,wotancraft,1
5107,sthash,1
5108,bauxite,1
5109,instagramer,1
5110,foodsecurity,2
5111,jonathanposselt,1
5112,world_of_engineering,2
5113,climateemergencydeclaration,2
5114,shark,1
5115,kayak,1
5116,yamba,1
5117,evanshead,1
5118,nbnnews,1
5119,emergency,1
5120,coffsharbour,1
5121,earthfirst,1
5122,aftertheflood,1
5123,feedsoclean,1
5124,askphorum,4
5125,ig_photooftheday,1
5126,awards,1
5127,award,1
5128,instasky,1
5129,conservationinternational,1
5130,instacool,1
5131,passportready,1
5132,journalist,3
5133,worldpressphoto2016,2
5134,visualambassadors,3
5135,getty,2
5136,ignews,1
5137,passionpassport,3
5138,intimate,1
5139,media,2
5140,agency,2
5141,rtnews,3
5142,aljazeera,3
5143,aov,2
5144,leicaq,1
5145,ap,1
5146,meistershots,1
5147,melbourne,1
5148,candelita,1
5149,manaure,1
5150,caliexposhow,1
5151,tankos,1
5152,mybicicleta,1
5153,desierto,1
5154,rioacha,1
5155,palomino,1
5156,suramerica,1
5157,santander,1
5158,guajira,1
5159,molinodeagua,1
5160,bicicleta,1
5161,zapatoca,1
5162,bicitour,1
5163,lacandelaria,1
5164,getsemani,1
5165,viajeenbici,1
5166,cartagena,1
5167,anzoategui,5
5168,kuwait,1
5169,obrigado,1
5170,ferngully,1
5171,africanportraits,1
5172,ÁÄ¨Êà∏ÂÜÖÂõΩÈöõËä∏Ë°ìÁ•≠2016,1
5173,chasinglight,1
5174,bestnineinstagram2016,1
5175,2016Âπ¥,1
5176,yourchoice,1
5177,bestnineofinstagram,1
5178,supermoon,1
5179,bestnine2016,1
5180,kalimantanbarat,1
5181,windowseat,1
5182,pontianak,1
5183,birdview,1
5184,worldpressphoto2015,1
5185,climateadaptation,1
5186,mermaid,1
5187,fashionphotography,1
5188,beachlife,1
5189,fashionbikini,1
5190,bikinilife,1
5191,surfergirl,1
5192,andaluc√≠a,1
5193,waterislifeüíß,2
5194,starlight,1
5195,shootingstar,1
5196,town,1
5197,clearsky,1
5198,astrophotography,1
5199,andamans,1
5200,glow,1
5201,starwars,1
5202,art_empire,1
5203,artfido,1
5204,art_worldly,1
5205,worldofartists,1
5206,dailyarts,1
5207,worldofpencils,1
5208,artscrowds,1
5209,art_collective,1
5210,newyear,1
5211,art_spotlight,1
5212,arts_help,1
5213,artistuniversity,1
5214,harsherclimate,1
5215,frostbite,1
5216,ozonedepletion,1
5217,crop,1
5218,savelife,1
5219,beinghuman,1
5220,haveyourealised,1
5221,beingsalmankhan,1
5222,salmankhan,1
5223,saveplanet,1
5224,plantswanted,1
5225,salmankhanspreadslove,1
5226,happynewyear,1
5227,ethiopiahighlands,3
5228,newyear2017,1
5229,whpresolutions,1
5230,picoftheyear,1
5231,oneyearago,1
5232,teso,1
5233,soroti,1
5234,phultala,2
5235,worldnews,2
5236,collage,1
5237,standwithbearsears,1
5238,dying,1
5239,cigarette,1
5240,curse,1
5241,globalart,1
5242,universe,1
5243,protectit,1
5244,futureisourown,1
5245,awarenessissue,1
5246,cycloneeffect,1
5247,beforethefloods,2
5248,welcome2k17,1
5249,socialmedia4socialgood,1
5250,lsprclimatechangesolutions,1
5251,savecoral,1
5252,almageorgiausa,1
5253,trumpisdangerous,1
5254,puertolacruz,4
5255,lecherias,4
