tag,count
ecofriendly,19
cleanenergy,26
plantpower,9
environmentalist,21
global,14
saveourplanet,14
mothernaturerocks,10
conservation,73
savetheworld,14
environmental,33
solarpower,33
everydayclimatechange,1736
pollution,77
savetheplanet,25
ecotourism,9
environment,211
climatechange,733
arctic,49
climate,153
renewableenergy,41
preservation,10
globalwarming,380
warming,10
endangered,11
renewable,21
eco,14
sustainableliving,14
environmentallyfriendly,9
motherearth,10
westcoast,3
portland,1
broadmag,3
everydayusa,4
istillshootfilm_official,2
6x6,1
metroimaging,3
oregon,5
pnw,2
mediumformat,7
rentalmag,6
kodakportra,2
rolleiflex,2
californiadrought,2
filmsnotdead,4
westcoastbestcoast,2
metroprint,3
pdx,1
california,17
analogphotography,5
analog,3
thefilmcommunity,2
documentaryphotography,57
environmentalportrait,1
everydayeverywhere,298
pacificnorthwest,3
fisheyelemag,2
kurdistan,20
sociallensmag,6
lensculture,38
instagram,115
bukan,2
iran,52
hikaricreative,88
roozdaily,5
everydayiran,46
middleeast,4
lenspersia,2
blackandwhitephotography,28
reportagespotlight,230
outofthephone,89
akasimagazine,45
streetphotographers,39
aksiine,3
waterwars,1
mulhollanddrive,1
hollywood,2
cityscape,13
metropolis,2
losangeles,1
hasselblad,13
lynchian,1
landscape,131
urbanglow,1
laurelcanyon,1
nightphotography,7
kaahcollective,1
agriculture,6
photojournalism,251
monoart,3
instablackandwhite,1
earth,52
myfeatureshoot,40
everydaykhouzestan,1
nikon_dslr_users,1
⁄©ÿ¥ÿßŸàÿ±ÿ≤€å,1
one_shot_,2
uncoveriran,34
contactlens,1
faces_of_streets,1
ÿÆŸàÿ≤ÿ≥ÿ™ÿßŸÜ,1
documentary,198
lcexposure,1
picoftheday,42
streetphotography,141
gettyreportage,44
sky,35
mahzenphotos,1
ganges,3
river,20
everydayindia,94
water,109
asia,78
india,107
flood,23
saveourforest,5
saveourearth,5
congobasin,1
rainforest,17
drc,1
deforestation,51
actonclimate,57
rdc,1
reforestation,9
igers_all_americas,4
escobarmora,7
igerscolombia,4
latinamerica,9
everydaylatinamerica,124
mobilephotography,18
bogot√°,1
everydaymacondo,14
ig_latinoamerica_,72
colombia,20
one__shot__,6
igers,11
igersamerica,4
alaska,28
seenandunseen,3
newtok,10
screenprinting,1
artofinstagram,3
letsgosomewhere,1
exploretocreate,32
fujifilmx_us,1
xt1,1
southamerica,19
rei1440project,2
visitsouthamerica,2
peru,8
cordillerablanca,1
forestfire,3
thegreatoutdoors,7
printsnotdead,1
landscapephotography,45
westcoastlife,1
mounthoodnationalforest,1
forest,20
landscapelovers,1
intothewild,1
liveoutdoors,2
outdoorprojext,1
wilderness,3
friendsinperson,81
cultureir,37
instaven,81
instalovenezuela,21
streetphotovenezuela,86
people_infinity,13
ig_color,23
streetcolor,20
streetsgrammer,25
elnacionalweb,6
photography,202
myspc17,58
life_is_street,38
lensculturestreets,83
spicollective,100
rmtf,83
ig_venezuelan_pro,87
urbanocity,14
documentaryphoto,29
everybodystreet,104
ig_venezuela,31
colorphotography,24
instavenezuela,19
photodocumentary,30
life,77
nature,175
natgeoearthday,26
tybitto,17
fire,33
people,49
dailylifeindia,26
indiaclicks,8
agameoftones,10
ic_nature,4
ngtdailyshot,16
jj_florals,1
flowerstagram,1
colourpop,1
moodygrams,9
skyphotography,3
flowers,10
artofvisuals,14
summer,36
ic_trees,1
jj_light,1
nikonphotography,5
igersofindia,7
lonelyplanetindia,6
rsa_light,3
india_ig,6
naturephotography,28
bloomseason,1
indiaphotoproject,27
infamous_family,1
rsa_flowers,1
isaweverydayclimatechange,1
outdoorexhibition,4
objectifs,5
bushburning,1
enviroment,12
northernghana,3
farming,11
hunting,1
ghana,15
everydaypeople,1
zinyange,1
seed,1
everydayzimbabwe,1
everydayafrica,86
umzingwane,1
positivetalk,1
himalayas,6
zanskar,1
climatechangeisreal,179
keepborneowild,1
sargazo,1
leonardodicaprio,22
drought,110
amazonwatch,3
greenpeace,53
maasai,6
unfccc,3
tansania,7
wwf,26
350org,8
janegoodallinstitute,3
janegoodall,3
afrika,6
aceh,34
streetphoto,6
1000kata,63
dailylife,126
pewartafotoindonesia,58
creativeimagemagazine,40
indonesia,66
boukan,13
dryseason,2
fulani,1
volta,1
cielo,1
heaven,4
micalidoscopio,2
cali,5
climateimpacts,1
everyday,3
belize,1
forestproject,3
saverainforest,3
sukuanakdalam,3
orangrimba,3
tokyo,5
extremeweather,5
japan,6
photoreportage,55
marcha,23
agenciazur,25
streetphotographer,71
caracas,67
ciudad_ve,37
fotoperiodismo,25
venezuela,74
ig_caracas_,55
hub_ve,71
ccs_entrecalles,55
labellalibertad,55
ccs,51
photojournalist,82
street_people,45
oposicion,22
10a,7
fotografia,43
love,24
earthlovers,1
instadaily,27
sun,26
instagood,49
green,32
veganlove,1
liveauthentic,18
fruits,1
learnfromthebest,1
livefolk,2
greenyourlife,1
nofilter,9
breathelife,1
ourplanetdaily,38
veggie,3
climateaction,45
veganrecipes,1
beauty,11
trashisfortossers,1
veganfit,1
savemoney,1
work,6
ismail,1
buffalo,1
train,2
plan,1
hugs,1
spring,15
animal,7
ecoschoolcamp,1
sustainabledevelopmentgoals,1
africa,37
researchdevelopment,1
ecology,55
kumasi,2
tamale,2
ecoschools,5
accra,7
akosombo,4
ecoschoolsresearchcamp,1
globalcitizen,1
curricula,1
sdg,6
tema,1
globalgoals,3
gasmask,2
masked,2
ecological,3
nodapl,8
wanderlust,30
noonecanseeyoucrybehindthemask,1
mask,5
cree,1
postapocalyptic,1
ecowarrior,2
inspirational,2
digitalnomad,2
travellingphotographer,2
ecologicalawareness,2
surrendertonature,1
natgeo,140
indiafellow,4
outdoorjournal,1
icestupaartificialglacier,4
indiaphotostory,2
ladakh,4
neverstopexploring,18
volunteer,33
getoutside,6
outdoor,2
explore,9
earthpix,11
travelphotography,55
incredibleindia,8
camp4pix,4
travelgram,33
glacier,19
noorimages,2
dailyphoto,17
1415mobilephotographers,41
helloicp,34
1415mp,34
streetlife_award,34
medailylife,44
phmuseum,33
everydayazb,35
tabriz,32
myfeatureshot,36
everydaymiddleeast,95
burnmagazine,40
everydaybakhish,24
ig_persia,34
routinism,34
everydaytabriz,34
bnw_planet,46
1415iran,36
uspiran,36
storiesthatmatter,9
regrann,16
cityfarming,4
rice,4
somalia,34
handsinframe,3
womenphotojournalism,23
holdinghands,2
thatsdarling,3
lenscultureportraits,21
acolorstory,24
visualsgang,2
justbackfrom,42
somaliland,43
mycanon,49
canonphotos,48
hiking,9
wanderer,7
instagramers,8
clean,3
minimalism,5
wildlife,18
reasontoroam,2
beachsurf,6
standupagainstpollution,6
canon_photos,14
mysummerlookslike,6
afterlight,2
like,31
plastic,12
igmasters,11
recycle,22
aussie,6
naturevictoria,6
minimalist,2
candyminimal,2
findyourpark,2
glaciernationalpark,1
nps,1
rockymountains,2
usgs,1
repost,111
aminbayani,2
urmialake,1
revue6mois,1
6mois,1
womensrights,2
bangladesh,35
womenandgirls,3
waterislife,28
caspianseaproject,9
documentryphotography,9
socialmedia,9
bnw_life,12
gilan,1
socialissues,10
everydayasia,57
contemporaryissues,9
everydayrussia,9
caspiansea,10
bnw,46
hawraman,1
dceff,1
mining,7
globalhealth,2
tomtomfest,1
viiphoto,1
riverofgold,2
christina,8
canonphoto,11
cairo,39
black,13
man,10
blackwhite,12
natgeotravel,65
photooftheday,119
everydaycairo,56
christmas,9
christians,8
everydayegypt,58
blackandwhite,54
blackandgrey,12
egypt,51
dailynewsegypt,14
climatechangephilippines,3
storyportrait,1
girlpower,2
colorcrush,14
portrait,46
portraitphotography,21
postmoreportraits,1
dametraveler,3
girlfriends,1
commontable,1
feedfeed,1
ig_world_colors,1
8abril,7
pristina,2
prishtina,2
clouds,19
kosovocoal,2
kosovo,6
air,6
solidarityforkendeng,5
sol,1
manizales,1
miravfotoperiodismo,1
mirav,1
exhibition,11
singapore,11
kashmir,4
eyeem,1
treeism,1
seeyanever,1
cnnireport,1
resourcemag,1
gogreen,21
yourshotphtogrpher,1
ajeinpictures,8
treeoflife,2
huffpostgram,1
huffpostravel,1
psa_photo,1
guardiantravelsnaps,2
weareexplorers,13
sustainable,37
lifeofadventure,14
travel,138
borneo,20
offthegrid,13
vlog,11
kalimantan,18
happy,10
startwith1thing,18
tanjungputing,18
natgeowild,23
rensta,1
environmentalism,9
discover,1
amazon,18
amazondeforestation,6
fact,1
brazil,12
viaggio,1
amapa,3
tourist,1
amazonrainforest,12
trees,44
6abril,5
api,2
parasites,2
magnoliatree,1
animals,10
pesticides,2
profumodiprimavera,2
honey,2
capturethemoment,2
flyaway,2
figtree,2
springisintheair,2
yourshotphotographer,35
capturedmoment,3
inquinamento,2
primavera,2
peonies,1
wisteria,1
honeybee,2
colorshots,2
quincetree,1
pollination,2
bees,2
streetphotos,2
tedgrambeau,72
opensociety,4
slugsaver,8
sculpey,8
slugsavers,8
handmade,28
actnow,13
pinkslug,8
thepinkslug,8
kaputar,8
norway,12
streetart,10
abajoladictadura,2
demandclimateaction,1
tropicice,7
placesofclimatechangeindialog,7
serengeti,2
photo,72
adventureisoutthere,3
frozenplanet,3
norge,3
igersarctic,4
millennium_images,3
ice,20
svalbard,16
adventure,5
mountains,20
photographer,14
igerssvalbard,3
cold,9
spitsbergen,16
polar,13
ig_svalbard,3
malindi,1
tbt,36
kenyaüá∞üá™,1
mossy,1
starlet,1
lumut,1
ftwwne,1
featurepalette,1
tangledinfilm,1
sonyalpha,4
rsa_nature,1
bravogreatphoto,1
humanity_shots_,1
discoverportrait,1
mossyoak,1
createcommune,13
moodyports,1
moss,1
visualgang,2
500px,5
thevisualvogue,1
bleachmyfilm,1
religion,2
magnumfoundation,3
shotaward,9
wintertime,9
scenery,9
timetoplay,9
longexposurephotography,10
explorer,7
landscape_specialist,9
whatitalyis,9
exklusive_shot,10
earthfocus,12
alps,10
exploreeverything,17
ig_piemonte,9
landscapelover,10
illgrammers,8
lightpainting,7
fatalframes,9
ig_italy,9
scatto_italiano,8
alpine,9
outdoors,34
sealevel‚ûï,12
igworldclub,9
currumbin,5
australiassw,1
visitgoldcoast,8
surfphotography,22
thisiswa,2
destinationgoldcoast,1
waterphotography,3
ilovesydney,1
madeofocean,2
liveyourdream,3
homestyling,1
seeaustralia,7
currumbinbeach,5
interiordesignsydney,1
naturelovers,29
oceanphotography,15
artmonthsydney,1
discoverocean,1
sealevel,14
justanotherdayinwa,1
thisisqueensland,4
biodiversity,13
arecaceae,1
amazonaid,2
samabell,2
forests,21
walkingpalm,1
manunationalpark,1
siembra,1
revolution,2
tierra,1
sostenibilidad,1
permacultura,1
terra,1
cosecha,1
gowiththeflow,1
stateofemergency,1
saveperu,1
ocean,36
mothernature,9
loveandlight,1
consciousness,2
solidarity,2
desertlife,2
lobitos,1
wildernessculture,16
pachamama,1
awareness,4
freepeople,1
pacificocean,1
sunset,31
inspire,1
rain,13
infectiousdisease,1
film,8
journalism,2
zika,1
pregnancy,1
pr,1
zikavirus,1
calderra,2
samosir,2
ishotmanual,2
laketoba,2
tiltlens,2
minoltalens,2
protestwithart,1
natgeocreative,42
visualsoflife,76
hillside,2
minoltaf12,2
sonyalpha_id,2
tiltedkilt,2
tiltshift,2
sonya7,2
sonyimages,4
vintagelens,2
manuallens,2
tilting,2
seadjambi,1
jungle,6
tribe,1
primitive,2
jambi,2
4abril,1
usa,41
vscofeature,8
gaia,9
ig_worldtravelshot,8
natgeotravelpic,43
yourshot,9
ornithology,1
slowjournalism,8
beaks,1
library,1
instaearth,8
birdsofinstagram,8
birder,2
archives,2
vscocam,30
naturalhistory,1
adaptation,2
greatsaltlake,7
illustration,1
art,63
nationalgeographicindonesia,3
exploresemarang,3
sunrise,32
beautyfulplace,3
semarang,3
whodoesntbelieve,3
hangoutsemarang,3
power,6
germany,4
factory,2
plant,10
industrial,6
coal,11
berlin,2
kraftwerk,1
tuesdaythoughts,1
thinkgreen,2
oneearth,4
changeispossible,1
latenightthoughts,1
aboriginal,1
tommasomeli,1
sarawak,1
penan,1
malaysia,4
native,1
warriors,1
reportage,34
lenscultureportrait,2
nationalpark,11
naturalistic,1
nopalmoil,1
logging,2
minorities,1
palmoil,17
natgeoyourshot,12
gideonmendel,1
picture,1
kfwstories,1
change,16
sea,25
storms,1
klimawandel,2
kfw,1
drowningworld,1
oceans,3
pic,4
instapic,38
world,12
floods,14
st√ºrme,1
pink,10
hot,10
hagen,1
trondheim,3
camarinesnorte,1
artisanal,1
onassignment,23
everydayphilippines,18
philippines,11
morning,12
light,8
fog,7
moment,3
street_icp,10
streettogs,8
bw_best,10
photojournalismph,9
ricohgrii,9
litratistasadaan,10
pentaxph,9
ig_pilipinas,10
human_street_life,10
fotografiaunited,10
themetropolitanchronicles,9
litratongpinoy,10
kalyegraphy,10
wearethestreet,12
stunningbnw,10
nothinglesstosee,2
ukraine,41
dnipro,1
landscapestylegf,15
southpole,15
travelwithquark,10
landscape_lovers,28
antarctica,30
loves_landscape,15
landscape_captures,27
iceberg,14
bns_landscape,15
everydayaze,8
mazandaran,5
dynamicafrica,5
worldnomads,2
igtravel,5
famine,14
kenya,5
balkencollective,1
nikon,16
fisheyemag,1
worldtravelbook,1
ig_street,1
news,6
peoplescreatives,2
magnumphotos,7
summerof2017,1
kerala,2
thekkady,1
flowershow,1
waterscarcity,1
shaibaba2017,1
mannequin,1
livecolorfully,1
canon5dmarkiii,69
dametraveller,2
mytinyatlas,2
nothingisordinary,1
calledtobecreative,1
women,10
welltravelled,2
vsco,46
thecolorshift,1
safewater,20
bnw_demand,11
tinycollective,1
flakphotorecs,5
superhubs_370,1
bnwsouls,1
emahomagazine,1
perthisok,2
westernaustralia,3
thisisperth,2
perthisokay,2
pastoralism,20
9,1
seascape,14
greatmigration,1
frankfurterinstitution,1
bernhardgrizmek,1
docudays2017,3
docudaysua,78
colorado,2
fisherman,4
phonephotography,20
tuna,1
drawing,7
cucumbers,2
kheyti,3
india_gram,11
stanford,3
smallfarmers,1
farmers,4
socialenterprise,3
socialentrepreneurship,3
northwestern,3
development,5
ckvoyage,3
jogjaningratan,2
agua,6
suram√©rica,9
villaalemana,1
comunidades,1
quillota,1
termoel√©ctrica,1
savewater,11
pe√±ablanca,1
despertarsocial,1
limache,1
gofree,8
medioambiente,5
chile,10
docudaysua2017,4
childlabour,1
bhagirathi,1
expedition,4
natureaddict,4
natureonly,4
snow_perfection,4
expeditionearth,4
adventureculture,4
naturegeography,4
big_shotz,4
mytravelgram,5
worldcaptures,4
polartravel,4
landscapephotos,4
ig_worldclub,4
ig_naturelovers,4
adventureinyou,4
worldplaces,4
globewanderer,4
travelingram,16
nature_seekers,4
ngo,17
instasaveapp,1
greenpeaceindonesia,12
wwf_id,12
racingextinction,16
orangutan,11
plantations,5
guatemala,4
guaterecicla,2
reciclaje,6
reusar,1
unmundodedetallesyalgomas,1
decoracion,1
decoracionenmadera,6
jeffreysachs,1
economy,1
sustainabledevelopment,10
nikaart,5
eveningvibes,1
lolphoto,1
cloudatlas,1
asperitas,3
mthrworld,1
streetphotographyindia,4
redface,1
flame,1
fallfoliage,1
dawndotcom,2
winter,32
autumn,2
indiaphotosociety,3
aubemerge,1
warm,4
indiapictures,24
frame,1
potrait,1
picturepakistan,1
photostories,3
eyesonkashmir,1
boojs,2
glaciers,19
mystopover,6
blacksandbeach,2
melting,2
thaw,1
jokusarlon,2
blurry,2
blur,3
dogood,10
sustainability,19
sunflowers,2
afforestation,9
ecosystemregeneration,9
ecosystemregenerationworldwide,9
ecosystemrestoration,9
regeneration,9
rg,33
regram,37
bookshelf,1
airquality,2
poison,1
monsanto,1
blossom,2
igersbourgogne,1
igersfrance,1
mybourgogne,1
centrodorio,1
everydaybrasil,5
brasil,3
riodejaneiro,1
affordability,2
village,8
travelindia,2
culture,9
design,3
tradition,1
ashoka,1
cucumber,1
greenhouses,1
undulatusaspertus,2
formation,2
jogja,1
yogyakarta,7
cloudsatlas,1
city,8
urban,9
notnormal,1
libellule,1
irvingpenn,1
dragonfly,1
87degrees,1
abielle,1
bumblebee,1
stopit,1
obama,2
naturalnewyork,1
trumpnation,1
splendidearth,1
trump,4
nottoday,1
listen,1
savetheriver,1
think,2
epa,2
lookingup,1
discoverearth,2
progress,3
denial,1
science,19
leadbyexample,1
desert,22
toldwithexposure,36
natgeohub,23
masai,6
livestock,3
ic_landscapes,37
apocalypse,2
reframeclimate,33
dust,34
followmetoo,34
desertification,35
school,3
morogoro,4
rainyseason,1
tanzania,17
solutionsjournalism,1
droughts,9
medill,1
telangana,2
innovation,1
color,21
streetlife,9
lugares,16
metrodecaracas,9
street_photo_club,6
gramslayers,11
vzla,20
rural_love,1
Âçó„Ç¢„Ç∏„Ç¢,3
ÊôØË¶≥,3
everydaylife,5
Ëæ≤Êùë,1
Ëæ≤ÂÆ∂,1
Êó•Â∏∏ÁîüÊ¥ª,1
southasia,7
herding,1
shamirpet,1
goats,2
tree,30
pineaaple,1
artworld,4
palm,4
artist,35
stcroix,2
ink,2
babana,1
coconut,6
contemporary,2
nikolinakovalenko,2
painting,8
leaf,3
onpaper,2
interiordesign,7
organic,2
natuforrestproject,1
babirusa,1
lynnclayton,1
forrest,1
archive,1
sulawasi,1
photoedit,1
saynotoplastic,1
cinema,1
festival,2
kyiv,6
docudays,3
1940,1
watercrisis,10
worldwaterday,12
centraljava,2
dirtyenergy,2
stopcoal,2
tedgrambeaugallery,28
pickitupsnapitshareit,1
take3forthesea,2
indian,1
assam,9
char,1
journey,1
dhubri,1
story,2
photoseries,1
sunset_pics,1
sunsetgram,1
quarkexpeditions,16
sunset_ig,1
argentina,9
antarcticaadventure,1
cambodia,10
environmentalart,3
saveatree,2
stamp,2
illegallogging,2
fingerprint,2
womenshistorymonth,1
peoplesclimate,1
fracking,2
womeninfilm,1
hope,4
mom,2
parents,1
mininalism,4
woodart,5
recycleddesign,5
woodworking,5
minimalista,2
interiordecor,5
palette,5
minimaldesign,2
reuse,11
dise√±odeinteriores,5
reusa,5
recycledwood,5
artesanal,5
recycled,5
greenland,3
streetphoto_color,1
history,1
rsa_street,1
rsa_travel,1
lakemichigan,19
resist,7
trumpsy,2
dawn,12
chicago,18
sendinglove,13
showyourtaxes,6
nationalgeographicthailand,1
sparkyourselves,1
climatechangeimpact,4
natgeoegypt,20
thisisegypt,20
checkoutegypt,29
seeourworldnow,20
alexandria,3
panorama,1
phonography,3
egyptüá™üá¨,1
sand,2
delhi,5
rainfall,1
newdelhi,1
sanddredging,2
summicron35,2
leica,5
instamagazine_,2
children,8
sonya7rii,2
sandmining,2
beach,15
beautiful,9
mountain,8
mallorcaisland,1
vacations,1
inlovewithourplanet,1
mallorca,1
spain,3
sunnyday,2
oceanview,1
mediterraneansea,1
holidays,2
yeswecan,1
changetheworld,1
globalclimatechange2015,3
ethiopia,9
keeporegongreen,1
pacificrivers,1
currency,1
divestment,1
changeiscoming,1
money,1
campaigners,1
poundcoin,1
brighterdays,1
keepitclean,1
brighterfuture,1
newpoundcoin,1
moneymoneymoney,1
thetelegraph,1
wwfid,1
fishermen,10
kodak_photo,1
sansalvador,1
panam,1
comeandsee,1
morninglight,2
cables,1
elsalvador,1
carro,1
bus,2
centralamerica,1
struggle,1
traffic,3
jonnybell,1
multipleexposures,1
multipleexposure,1
iceland,6
disappearance,3
hereandnow,1
macatofamily,1
balitravel,1
traveltheworld,3
bali,2
explorecreateshare,1
motherlove,1
3growingsouls,1
travelingourplanet,1
balicili,1
macatotravels,1
travelindonesia,1
unep,4
familytravel,1
architecturephoto,2
beautifuldestinations,19
unfcc,1
exploreheaven,1
binduislivelovetravelwork,1
u4humanrights,9
pvchr,6
everydaychildhood,6
jharia,3
greenpeaceuk,2
ghostforest,3
ev,1
hesterthebike,9
america,16
renewablefuture,9
renewables,21
fossilfuels,11
bookstagram,1
coffeetime,1
coffeelover,1
tybittoo,3
january2017,7
mobilephoto,3
smartphone,13
onasignment,1
xiomi,6
people_infinityk,1
livelihoods,1
resilience,3
internationaldevelopment,1
climateforce,1
humans,2
greenalgae,1
sewagewaste,1
plantain,1
ecoschoolgarden,1
gardening,1
education,5
foodproduction,1
mais,1
nohunger,1
un,4
refugees,1
progressive,1
donalddump,1
alternativefacts,2
proudliberal,1
grassroots,1
strongertogether,1
natureisspeaking,2
smog,25
china,23
feelthebern,1
earthhour,11
wearethemedia,1
activist,3
airpollution,36
socialdemocrat,1
‚úä,1
child,6
childishgambino,3
swing,1
swinger,1
nonprofit,6
reflections,4
britishcolumbia,1
sierraclub,1
canadianrockies,1
canadaüá®üá¶,1
idlenomore,1
beeldskoon,1
berglakebackpacking,1
nationalgeo,1
lake,8
goodbye,1
myclimateaction,3
stopprocrastinating,1
sad,3
nationalgeographic,14
lovenature,2
oneplanet,7
mtrobsobprovincialpark,1
gunnisonisland,4
pelicans,4
remotecameras,1
remoteisland,4
utah,7
birds,15
research,7
vscoua,1
vscopic,1
kiev,4
vscoart,1
klimaatverandering,7
donateur,2
hoop,6
goededoelen,2
zimbabwe,2
help,11
toekomst,7
ontwikkelingshulp,2
el_ni√±o,7
overstromingen,6
webstapick,2
goeddoel,2
donatie,2
oxfam,6
droogte,6
photoexhibition,5
eviroment,2
—Å–∞–¥–æ–∫–Ω–∞docudaysua2017,1
facekini,2
jameswhitlowdelano,3
docuclass,1
–∫–ª—ñ–º–∞—Ç,7
wwfukraine,2
–±—É–¥–∏–Ω–æ–∫–∫—ñ–Ω–æ,1
–∑–º—ñ–Ω–∏–∫–ª—ñ–º–∞—Ç—É,1
–Ω–∞—Ñ—Ç–∞,1
ecooko,32
–¥–æ–º–∫–∏–Ω–æ,1
dubai,3
aquarium,1
latergram,6
whywastewater,2
uae,3
thepalm,1
volunteering,2
surf,12
mynikonlife,9
surfing,12
manfrotto,2
surfinglife,11
surferphotos,9
aquatech,4
fnpf,4
auroraborealis,1
aurora,2
changeclimatechange,5
earthhour2017,2
romania,1
yourplanet,1
bucharest,1
lightsout,1
eh2017,1
lightsoff,1
unicef,1
ada,1
prampram,1
bolga,1
takoradi,1
biking,8
bicycling,8
cycletouring,8
bicycletouring,8
worldbybike,8
cycling,8
activetransport,8
4degrees,1
filmfestival,4
humanrights,9
rightsnow,1
energy,18
to,1
ecosystem,8
renewablesources,2
human,5
greenery,8
chance,1
cropburning,2
last,1
article,3
inhuman,1
sanitation,3
switchoff,1
waremakers,1
puerta,1
diaria,1
bokashi,1
everydaymexico,6
puebla,2
indoors,1
mivecino,1
cholula,1
house,4
cholulapueblomagico,1
home,5
trabajodigno,1
pueblo,1
biol,1
doors,2
casa,1
mexicanlife,1
contrast,2
m√©xico,1
vida,5
lifeintroubledwaters,1
sealevelrise,21
dec,3
charitysunday,3
savethechildren,3
savelives,3
hornofafrica,19
crisis,5
charity,3
malnutrition,3
fightingfamine,3
amazonbasin,4
andes,4
meltingglaciers,4
buesky,2
artistsweather,17
everydayazerbaijan,3
globilisation,1
environmentalphotography,4
woman,10
brahmaputra,4
transboundaryrivers,3
dontwastewater,3
worldwaterday2017,3
franckvogel,3
sari,3
igkenya,11
vscokenya,11
magicalkenya,3
internationalforestsday,5
openmyworld,13
pleaserainsoon,1
Ê±°Êüì,1
Ê≥∞ÂõΩ,1
haze,1
ÈõæÈúæ,1
‡∏°‡∏•‡∏û‡∏¥‡∏©,1
Âç±Èô©,1
maskon,1
cleanair,5
getyourmask,1
unhealthy,1
hazey,1
Âæà‰∏çÂÅ•Â∫∑,1
silentkiller,1
Ê∏ÖËøà,1
smokeyswag,1
putyourmaskon,1
unhealthyair,1
uglytruth,1
airqualityindex,1
‡∏´‡∏°‡∏≠‡∏Å‡∏Ñ‡∏ß‡∏±‡∏ô,1
pm2,1
presentation,1
hongkongphotographer,1
nobasura,2
ceroresiduos,2
zerowasteliving,2
vidasostenible,2
veganos,2
bezerowaste,2
theworldneedslove,2
minimalismo,2
vegan,8
noalplastico,2
bezero,2
cerocrueldadanimal,1
plasticfree,2
zerowastehome,2
crueltyfreeliving,2
zerowastelife,2
flatlay,2
windy,3
wavy,1
sunshine,4
grass,1
greenpeace_switzerland,1
colorsplash,1
redbirds,1
greenpeaceschweiz,1
protecttheamazon,1
redbird,1
protecttheearth,13
mercury,1
asgm,1
madrededios,2
tonga,1
storm,6
witnesstreeproject,27
ecoconcious,1
nofracking,4
nofrackingway,1
frackoff,4
cleanwater,4
comeseethesea,6
coast,6
seacrestures,2
painter,6
dontforgettogooutside,6
inspiration,6
bluebottle,2
sealife,3
artists,5
jellyfish,3
bythesea,6
artistslife,6
magichour,6
creatures,2
tentacles,1
neptunesgifts,1
seasponge,1
sponge,1
paintinginspiration,3
adventurevisuals,1
thar,1
rajasthandiaries,1
liveadventurously,1
postthepeople,1
deserted,1
gypsies,1
gypsy,2
rajasthan,2
stayandwander,9
desidiaries,1
unitednations,3
instatraveling,1
watershortage,3
photographers_of_india,1
bbctravel,2
nomads,1
theoutbound,6
instasg,3
sgarts,5
thehoplist,3
artsg,3
sgevents,3
matildegattoni,1
gallery,6
vladsokhin,1
montrealmoments,1
montrealcity,1
snowstorm,1
everydayclimateaction,1
snow‚ùÑÔ∏è,1
montreal2017,1
diamundialdelagua,2
diaagua,2
efe,1
waterday,2
smoke,2
poland,1
internationalpaper,1
papier,1
industry,3
kwidzyn,1
aerial,22
cerocrueldad,1
save,4
instalike,2
instamood,12
mushfiqulalam,2
photoforpassion,1
everydropcounts,1
raiyatnama,2
andhrapradesh,2
flooding,11
vietnam,2
cantho,1
mekongdelta,1
southeastasia,1
farm,6
oo,1
huaweip9,2
asean,1
farmer,3
veil,1
photojoirnalism,1
photographoftheday,1
instagramhub,1
featureshootclimate,1
submerged,1
jashimsalam,1
js,1
bangladeshiphotographer,1
everydaybangladesh,3
level,5
risingsealevel,5
waterworld,1
tidal,1
campaign,4
climatejustice,7
tacloban,5
greenpeaceph,1
breakfree,1
typhoon,5
asian,1
nif,1
nifstoryoftheweek,1
natureinfocus,2
marathwadadrought,2
ig_colombia,5
todoesagua,1
koi,1
wonderful_places,3
weather,24
hill,1
travels,1
internationalforestday,1
gettyimagescreative,5
traveltuesday,1
valleeduvar,1
flylikeabee,1
flower,2
bee,2
persian,1
persianyear,1
navroz,1
photoftheday,3
etribune,2
colors,2
publicpark,1
igasia,1
apf,1
nyt,1
foto,1
bloom,2
season,1
magazine,2
street,14
almondblossoms,1
southkorea,10
seoul,5
korea,9
amongthewild,1
newmexico,1
whitesands,1
escape,1
savetheearth,4
takeaction,5
horizon,19
globalclimatechange,6
peoplesclimatemarch,2
kirra,4
grey,6
monday,1
elnino,2
mica,1
jharkhand,4
micamining,1
mineral,1
slavery,1
mines,1
respire,2
createforclimate,11
colorful,3
solarenergy,23
artofchange21,14
pollutionfree,18
diy,11
maskbook,14
pinkwall,1
nairobi,1
greenafrica,1
artivism,8
antipollutionmask,12
cleanseas,3
unea2,1
newyork,7
southhampton,1
parquenacionalcajas,1
nature_shots,2
beforetheflood,11
savebiodiversity,1
ecuador,3
cordilleradelosandes,1
biodiversit√©,1
takecareofnature,1
wildlifeconservation,2
think_differently,2
ignaturecapture,1
environnement,1
igscwildlife,2
livewithearth,1
protecttheplanet,2
animalconservation,2
equateur,1
avantledeluge,2
oxygen,4
noplanetb,2
nature_photography,1
helena,1
montana,2
canyonferrylake,1
abstract,10
photographs,9
bluesky,6
prochoice,2
establishment,2
gayrights,2
ourrevolution,2
courage,2
loveeachother,2
mumbai,16
politics,3
fightforwhatsright,2
fakenews,2
stopthehate,2
valentinesday,2
wethepeople,2
lovewins,2
valentines,2
stillsanders,2
loveislove,2
everydaymumbai,20
segregation,2
shot,1
depthobessed,1
naturephoto,1
naturebossplaces,1
natureobession,1
scene,1
perfectcapture,1
sunandthemoon,1
visualsofearth,1
discovery,1
120mm,2
carnefraca,1
doubleexposure,1
operacaocarnefraca,1
weakflesh,1
analogic,1
mudancaclimatica,5
sertao,2
hinterland,2
filmisnotdead,7
120,1
northeastbrazil,4
meatproduction,1
vegetarian,2
holga,4
creati_photo,35
friendinperson,7
bnw_drama,6
bnw_city,7
foto_blackwhite,6
bw_divine_fidelity,7
bnw_magazine,7
streetphotography_bw,7
fineart_photobw,7
bnw_rose,7
bnw_madrid,7
blacknwhite_perfection,7
bnw_switzerland,6
monochrome,17
gloomy,2
chair,2
protectourwinters,5
jandals,1
acesaspen,1
iclimatewonderwomen,1
aspen2017,1
fisworldcup,1
skiing,3
phoneitin,1
skies,4
cloudscape,3
edgeofoblivion,8
climatechangedrcongo,1
streetstyle,6
streetactivity,5
latinamericanfotografia,3
storyofthestreet,6
shootermag,17
conspicuousconsumption,2
kantoartistrunspace,1
artph,1
chuao,12
letmebreathe,8
awarness,5
multikulti,1
wax,1
boatsteeringwheel,1
focus,1
rivernile,4
phonecase,1
boat,12
yalenuscollege,3
publicart,1
onthestreet,1
climatechangeconversations,2
yalenus,3
activism,9
sgphotography,1
yncphotodoc,3
objectifscentre,2
fieldnotes,3
ahmedabad_instagram,1
instagram_ahmedabad,1
insta_crew,8
way2ill,2
gramoftheday,9
citiesoftheworld,1
riverfront,1
dusk,2
cellphoneshot,1
cityphotography,1
objectifsgallery,1
sanggarlhcirebon,20
bebassampah2020,2
aksi,1
cirebondaruratsampah,1
sakolasampah,1
cirebongogreen,20
maribijakair,1
coastalerosion,4
photos,2
travelart,1
travelogue,1
photographers,5
photoart,1
artinsingapore,1
traveller,5
markietravels2016,1
artinthecity,1
deer,1
protectedareas,1
refuges,1
nationalparks,2
—á–∞—Å–∑–µ–º–ª–∏,1
–≥–æ–¥–∏–Ω–∞–∑–µ–º–ª—ñ,1
—Ñ–æ—Ç–æ–≤–∏—Å—Ç–∞–≤–∫–∞,2
—Ñ–µ–π—Å–±—É–∫,1
–≥–æ–¥–∏–Ω–∞–∑–µ–º–ª—ñ2017,1
wakeupearth,1
coffeefarmers,1
documentaryphotographer,1
maharashtradroughts,1
maharashtra,5
laturearthquake,1
naturaldisaster,10
environmentalphotojournalism,1
waterconservation,1
natgeotraveler,1
thedialogue,1
latur,1
ruralindia,2
palngan,1
chuao_venezuela,8
gopro,29
ksa,1
phoneartsaudi,1
ignanttakeover,1
duststorm,1
ignantpicoftheday,1
hena5filters,1
ignant,1
heimweh,1
everydaysaudi,3
phonartegypt,1
saudiarabia,3
inspiredby,1
sandstorm,1
vscofilm,4
iphoneonly,5
publictransport,1
bayarea,1
bart,1
solar,10
extremeicesurvey,12
fantastic_earth,12
earthvisioninstitute,12
hasselbladstorytellers,12
icewatchparis,12
phaseonephoto,12
reallyrightstuff,12
natgeoinspires,12
3036,1
prophotographer,12
climateforchangela,12
unlimitedplanet,12
awesome_earthpix,12
jaw_dropping_shots,12
earth_deluxe,12
diaartfoundation,1
spiraljetty,1
landart,1
my252,12
everydayhornofafrica,12
odwayne,6
oodweyne,4
dila,2
nightimages,3
eveningsky,1
citygram,7
tampa,2
bluehour,5
waterfront,2
colorphoto,3
citykillerz,6
longexposure,5
blue,4
justgoshoot,25
therealflorida,5
tampageneralhospital,1
nightshooters,6
vulnerable,1
hillsboroughriver,1
createexplore,6
island,4
builtenvironment,3
ig_nightphotography,3
skylineporn,1
urbanphotography,2
florida,10
downtowntampa,1
evening,3
urbanromantix,1
urbanlandscape,7
architecturephotography,2
skyline,3
slowshutter,2
tampariverwalk,1
e—Åooko,41
ukrainian,1
regionnewsphotos,1
regionnewsnet,1
nileriver,2
cairotower,6
belgium,5
belgian,1
silver,1
greencity,8
brussels,5
thane,3
shubhilallsimplereminders,3
plants,4
car,1
meltingglacier,2
saveearth,9
riseintemperature,3
nobluenogreen,2
cycles,2
carbonrise,2
shubhispeaks,3
igatpuri,1
words,2
timesofindia,2
goodmorningpost,1
savetrees,9
saveaarey,1
goodmorning,7
greenhouse,3
carbonkills,8
night,7
skypainters,1
newspaper,1
day,1
twilight,2
pretty,2
carbon,13
skylovers,1
thisiskualalumpur,2
foreignworkers,2
huaweip9plus,2
kl,1
ampang,1
kampung,1
everydayhoenofafrica,1
coldweather,5
snowday,2
palembangbercerita,13
pfipalembang,14
hallandalebeach,1
americanlife,15
miami,9
floridalife,8
lighttrails,1
urbanandstreet,5
eveningphotography,1
exploreamerica,8
miamilife,2
historichouse,1
neighborhood,2
oldflorida,1
beautifulplaces,1
homesweethome,1
whitepicketfence,1
sweet,2
smallhouse,1
bungalow,1
closeddoors,1
doorsofinstagram,1
waterway,2
unitedstatesofdecay,1
littlerivermiami,1
riversedge,1
symmetry,4
gritty,1
abandoned,4
urbandecay,3
cantbreathe,2
yellow,1
masktrotter,1
bhutan,1
masks,1
bhutanese,1
lifestyle,41
wondermore,1
visitsiceland,1
saltlakecity,1
wateruse,1
unfilter,4
dudas,1
travelers,7
trekking,3
naturaleza,9
caminata,2
natural,6
viajeras,7
lagunillas,1
caj√≥ndelmaipo,2
sinfiltro,4
cambioclim√°tico,2
portraitpage,1
portraitphotographer,1
portrait_perfection,1
venezuelaforum,1
agameofportraits,1
portrait_shots,1
portraits_ig,1
solvest,1
pvsolar,1
greenenergy,10
mayo,1
carbonfootprint,2
solarinstallation,1
rooftoparray,1
visityukon,1
yukon,1
nachonyakdun,1
beelieeday,2
calor,1
vivechile,1
patitapatita,1
monta√±as,2
santuario,1
gillsonbeach,1
foireux,1
highdensity,1
ÎØ∏ÏÑ∏Î®ºÏßÄ,1
problem,1
dusty,1
Ïã´Ïùå,1
relou,1
raslecul,1
poussiereux,1
poussiere,1
Ï†ïÎßê,1
Í∞ú,1
concentration,1
ÏôÑÏ†Ñ,1
serious,1
high,1
ciel,1
fine,1
putain,1
everydaypalembang,7
miamisprings,1
rsa_night,2
smalltownlife,4
iloveflorida,1
createeveryday,5
reflectiongram,3
reflection,10
apimages,4
summery,1
animali,1
albicocco,1
apricottre,1
khartoum,1
everydaysudan,1
sudan,2
everydaykhartoum,1
koransindo,2
maldives,4
stingray,2
coastalliving,2
wild,5
everydayraajje,3
marinelife,5
modernweather,2
thunder,1
thunderstorm,2
boom,1
survivalism,2
innovations,1
boomüëä,1
lightning,1
boomüí•,1
survival,2
tech,3
thenewweather,2
clap,1
technology,3
designs,1
apocalyptic,1
snapperrocks,5
blackandwithephotography,1
iphoneography,2
mahabad,2
clothing,1
gear,1
newscientist,1
smartgear,1
universityofcalifornia,1
golosinas,1
food,8
eat,1
barriodepaz,4
cauca,7
quilishot,3
ainabo,2
aynabo,2
blues,1
womensday,1
artistsoninstagram,1
wilmette,1
highway,2
streetscape,2
hialeah,1
symmetricalmonsters,2
symmetrykillers,1
cloudporn,5
deepincity,2
rsa_streetview,2
canal,1
floridaskies,1
lightrail,1
infrastructure,1
paddyfields,2
oodwayne,4
notruescotsman,1
rightsforall,1
immigration,1
ca,1
todossomosamericanos,1
magic,3
wonderfulworld,7
canon,57
wind,13
aheadfullofdreams,1
favorite,1
little,1
–∫—ñ–Ω–æ—Ñ–µ—Å—Ç–∏–≤–∞–ª—å,2
–µ–∫–æ–ª–æ–≥—ñ—è,14
–∫–∏—ó–≤,1
–¥–æ–∫—É–º–µ–Ω—Ç–∞–ª—å–Ω–µ–∫—ñ–Ω–æ,1
—Ñ–æ—Ç–æ–≥—Ä–∞—Ñ,1
—É–∫—Ä–∞—ó–Ω–∞,4
planet,30
artdeco,2
architecture,8
southbeach,1
hotels,2
lonely,2
artdecostyle,2
miamibeach,2
cop22,4
cop22balade,1
dream,1
marrakech,2
plasticbagban,1
architecturalphotography,1
pagaralam,1
burning,1
tgif,1
volumetriclight,1
mood,2
shadow,3
solitude,1
movement,1
artlovers,21
artcollective,1
series,1
studio,1
no_plastic,1
desaklayan,1
dokumentasi_haripedulisampahnasional2017,1
snowflakes,1
brezovica,4
fisnikdobreci,15
balkan,2
snow,17
thesearch,4
gotyler,1
vuedechezmoi,1
ilovenice,1
cloudyweather,1
tempetezeus,1
lagoresia,1
trentinoaltoadige,1
valvenosta,1
dolomitisuperski,1
belltower,1
shortfilm,1
trentino,1
mountainliving,2
2017,20
mountainlife,10
mountainview,2
locationscouting,1
trentinodavivere,1
resialake,1
dolomiti,5
italianalps,2
intothewater,1
worldseas,1
seacontamination,1
keepwatersclean,1
environmentalprotection,1
everydasia,1
honger,3
timorleste,1
vegetableoil,1
saynotopalmoil,1
1,4
goprohero4,5
sustainablepalmoil,3
rspocertified,3
brezatree,1
illinoos,1
farmland,2
dry,3
sharr,2
montain,5
balkancollective,1
skiresort,1
graffiti,1
artwork,22
greenfilter,1
protecttheeatth,1
greenlife,6
sdgs,3
unsustainable,2
forestdestruction,2
lanfill,1
scavenger,1
rubbish,2
siemreap,1
waste,4
casamance,1
kalounayes,1
senegal,1
naturalresources,1
westafrica,1
internationalwomensday,1
mangroves,5
greenhousegas,2
guineabissau,1
canchungo,1
socialadvocacy,1
ig_worldphoto,1
thirstyforhumanconnection,1
shotsofafrica,1
future,6
darfur,1
instamagazine,1
colors_of_day,1
igw_photo,1
lakefront,4
unesco,5
scotland,7
skarabrae,1
jeremysuttonhibbert,7
neolithicorkney,1
risingsealevels,2
worldheritage,4
orkney,1
neolithic,1
hospital,1
african_portraits,1
africanchild,1
everdayafrica,4
dcitystyle,1
washingtonian,1
mydccool,1
washingtondc,1
dctography,1
vscodc,1
igdc,1
ecolit290,1
windpower,9
glasgow,6
weatherenergy,5
montevideo,6
sailboat,1
bird,7
cityview,4
uruguay,7
sailing,3
navigation,1
fly,3
play,1
sunsetlovers,3
keepitintheground,2
somewheremagazine,6
paradise,3
colour,1
kohrongsamloem,1
diptyque,1
trash,2
parkranger,2
deforastation,1
reamnationalpark,1
candidportrait,1
ecosistemas,2
viaje,4
birdlovers,1
climatechangecolombia,2
one_shot_forachange,4
veggies,4
sustainablefarm,4
earthcapture,6
notillage,4
burgundy,1
lovetheworld,4
kolkata,4
calcuttanarrative,3
wetlands,8
phoneography,6
sailingboard,1
sofitelhotel,1
collectart,1
emergingart,1
southloopchicago,1
supportartists,1
southloop,1
emergingartist,1
jennifercronin,1
streetdreamsmag,3
upperwest,1
cyclone,2
weatherpics,1
texas,2
cows,2
risingtemperature,5
burndiary,13
gumtrees,3
my_365,9
dailypic,7
australianlife,13
ngarigocountry,5
snowgums,1
snowymountainslife,2
featureshoot,11
everydayaustralia,13
stanlybridge,1
cars,5
art4climate,3
arcticcircle,2
airplane,3
arcticocean,10
camerahaus,4
ig_venezuela_pro,4
blancoynegro,2
evanston,1
horizons,1
viewfrommyroom,1
universities,1
throughfresheyes,3
_soi,8
farmlands,1
throwback,3
edit,1
saudi,1
everydayphoto,2
vasco,1
saudiphoto,2
lightroom,2
vascocam,1
saudistyle,1
instgram,5
natego,1
fishing,9
february2017,1
thevisualactivist,4
canada,6
polarbears,2
backclimateaction,1
competition,1
positivechange,1
ethanol,1
emission,1
worldmetday,2
extreme,3
dark,2
study,1
wildatlanticway,3
contemporary_art,3
clare,1
on_paper,1
irishpainter,1
riverside,2
river_fergus,1
acrylics,1
gan,1
rainyday,2
raining,1
view,2
riyadh,1
riyadhnow,1
gulls,1
beetle,1
tonlesap,2
galeriaco,1
medicinal,1
tradicional,1
plantas,2
id_pacifico,2
id_colombia,2
floodwaters,3
waterrising,2
kmasad,1
insta,1
destroy,1
die,1
instaphoto,2
worldwildlifeday,1
wildanimals,1
flamingos,3
habitatdestruction,2
navimumbai,2
destruction,3
thanecreek,2
habitat,3
debris,2
anthroposcene,2
saveourseas,2
anthropogenic,2
bombay,4
creek,3
1415mobilephotograpers,1
streetphoto_iran,1
anzali,1
seaside,3
hartcollective,3
upsiran,1
picwantmobilestories,2
reportagespotlightand,1
iphotography,1
onlymobileart,1
building,2
outside,4
environmentalscience,3
travelstoke,3
earthimagined,3
theoutdoorjournal,3
getoutstayout,4
phyang,3
jj_blackandwhite,11
aphotoaday,11
walkinthewoods,9
forestpreserve,9
jj_kidz,1
365,11
jj_chicagoland,11
chicagoshots,11
365project,11
bw,18
jj_nature,12
365dayphotochallenge,11
naturecenter,10
jj_monochrome,11
365days,11
traveldiaries,4
whpbettertogether,2
cntgiveitashot,5
tannaisland,7
tanna,13
vanuatu,12
nevhouse,7
indiagram,1
sunset_hub,1
mumbaimetro,1
venice,1
white,3
inuit,2
mudflats,1
sewri,1
followyourheart,1
goexplore,10
surfer,9
rsa_portraits,1
maklumfoto,1
ourstreets,1
storyonstreet,1
ink361,1
everydayeverywere,1
serikat_fi,1
apfmagazine,2
traveldeeper,2
creatownstories,1
lookslikefilm,1
instasunda,1
serikat_sp,1
instastreetid,1
everydayindonesia,1
canonasia,1
lvbp,1
leonesdelcaracas,1
jesusaguilar,1
beisbol,1
baseball,1
irisharts,2
oils,1
streetleaks,2
quilichao,1
urbanstreetphotography,1
flores,1
centro,1
sur,2
copihue,1
superbank,1
floodpainting,1
blackmirror,1
hatedinthenation,1
climatedenier,1
truestory,1
dc,1
cherryblossom,1
nubes,1
saveforest,1
forestprojects,1
jj_reflections,2
jj_trees,3
pondlife,7
fuvemeh,1
caracas17,1
improperwastemanagement,1
isbtraveler,1
wastedisposal,1
disheartening,1
indianshutterbugs,1
lackingawareness,1
ailinglungsofkolkata,1
needaction,1
kolkatamaidan,1
qotd,1
shotoftheday,1
quoteoftheday,1
turbine,7
windenergy,9
potd,3
retelling,2
wijverslaanarmoede,2
voedselhulp,1
mozambique,2
chait√©n,1
shadows,4
kilimanjaro,8
sunsetsniper,5
mindthemountains,2
lovelife,3
all_shots,1
photograph_by_ingridwesselbernal,1
wakeup,1
darkness,2
igscandinavia,1
manmade,1
soconfused,1
mountainbike,1
foratemer,1
simplelife,1
pictureoftheday,1
loveearth,1
lifeiscalling,1
adventuresports,1
mataatlantica,1
sports,1
mtblife,1
sportlife,1
mtb,1
sosmataatlantica,1
mtbbrasil,1
extremesurfphotography,6
mariupol,5
suburb,1
–≤–µ—Å–Ω–∞,1
–ø–µ–π–∑–∞–∂,2
alone,2
walking,1
bnwphotography,1
bnw_captures,6
motionwitness,7
bnw_society,6
–≤—ñ—Ç–µ—Ä,1
–ª—ñ—Ç–æ,1
–∫–≤—ñ—Ç–∏,2
–≤—ñ—Ç—Ä—è–∫–∏,1
cloudforest,1
amazonia,2
wpph2017,1
oldman,1
everydayguatemala,4
muniguate,1
guategram,1
latinoamericaneando,1
bike,2
motorcycle,2
melt,2
perfectnature,2
goodmorningworld,2
wakeupwiththesun,2
sunlovers,3
always,2
reposturuguay,1
pond,3
rahmanloo,1
nopipelines,4
ohio,3
tailledirecte,17
roots,1
contemporaryart,20
sculpt,2
ecologie,21
directcarving,17
artcontemporain,20
racine,2
sculpture,21
savoirfaire,20
bronze,2
sculptures,5
fineartist,17
planetearth,19
sculptor,20
fineart,22
madeinfrance,16
strangesimage,5
fujifilmitalia,5
wayoflife,1
storytelling,7
fujixt1,4
fujifilm,5
agbogbloshie,4
ewaste,4
thevictimsofourwealth,4
vintage,36
2016,21
iphone,41
selfie,39
vip,34
apple,39
family,42
spor,26
fit,34
fashionblogger,39
look,42
–º–∞—Ä–∏—É–ø–æ–ª—å,30
gym,38
—ç–∫–æ–ª–æ–≥–∏—è,33
luxury,39
—ç–∫–æ,30
serbia,1
invertbts,1
bestbirdshots,2
sandhillcrane,2
jj_minimalism,1
jj_minimal,1
carnival,2
carnavales2017,3
fiorire,1
instanature,1
stayhuman,1
sakura,1
issue,1
lapoesiadellecosemaiviste,1
must,1
jepara,1
nuclear,2
dangerous,1
vessel,1
rainbowwarrior,1
social,1
ship,3
peace,4
nuke,1
centaljava,1
community,3
elrama,1
cattleraising,1
rural_life,1
documentinglife,18
nikonüì∑,1
–∞–Ω—Ç–∏—á–Ω–æ—Å—Ç—å,1
model,21
fashion,28
ngarigo,2
foggyday,2
australianalps,3
grasses,1
instaart,1
seaphotography,1
beachphotography,3
indiaphotos,1
buildings,2
ecobricks,1
savechildren,1
cirebongourmet,1
sunlight,1
sunstagram,1
sunstar,1
boston,2
beaconhill,2
solarpanels,9
samoan,1
thephotosociety,11
iseeclimatechange,1
desmoines,1
falsespring,1
uhoh,1
frozen,2
daffodil,1
deadspring,1
iowa,1
janganrusakcirebon,2
haripedulisampah,6
cirebonbebaspenyampah2022,18
hpsn2017,6
cirebon,9
reduse,6
jendelacirebon,2
cirebonbisa,6
cirebonmilikbersama,2
wander,1
silhouette,4
justsaeeing,1
instapost,1
live,2
puneinstagrammers,1
lensflare,1
travelblogger,1
iphone6s,1
phototravel,1
livelovelaugh,1
cirebonpunya,2
windowtotheworld,12
acertainslantoflight,3
whpcolourful,2
makemoments,3
fotograf√≠a365knpb,2
southsudan,1
conflict,3
geese,2
canadiangeese,1
indonesiaku,1
kelilingcirebon,1
banksampah,12
kabupatencirebon,1
newengland,2
bostonpublicgarden,1
samoa,2
americansamoa,2
guardianseries,1
justice,1
italia,5
italy,14
chicken,1
meat,2
egg,2
childrenoftheworld,3
poverty,6
makeportraitsnotwar,3
rural,5
fujixt10,1
bnw_legit,1
doubleyedge,1
shell,1
acidic,1
atmosphere,2
acid,1
oyster,1
risingseas,4
glacierlagoon,4
brei√∞amerkurj√∂kull,4
diamondbeach,4
vatnaj√∂kull,5
j√∂kuls√°rl√≥n,4
metal,1
visitcalifornia,3
purefood,1
sonoma,3
kuduweruh,1
tentangcirebon,1
cirebonsuara,1
contemporaryarchitecture,1
lights,2
veracruz,3
bocadelrio,1
mall,1
andamar,1
everydayveracruz,3
mexico,4
lookslikepainting,2
everydaywhere,2
dunas,1
waterreflections,1
cirebonmedia,1
infocirebon,1
eventcirebon,1
ducks,1
calle,1
diloconfoto,1
rueda,1
park,1
solarcity,1
aerialphotography,1
portugal,1
lisboa,1
waterreservoir,1
represa,1
honduras,1
cambioclimatico,2
risk,2
vulnerability,1
tegucigalpa,1
adaptationfund,1
health,3
challenge,1
ÿπ⁄©ÿßÿ≥€å,4
ÿß€åÿ±ÿßŸÜ,4
everydaymiddeleeast,4
everydauiran,4
ÿπ⁄©ÿ≥_ŸáŸÜÿ±€å,4
iranshots,4
iranpx,4
shiraz,4
aliasghar_mohammadi,1
_,3
ÿπ⁄©ÿ≥,4
500pix,4
everydprk,4
traveling,4
tower,3
instago,1
instatravel,5
skyscraper,1
preserve,2
business,2
visiting,1
–∑–∞—Ç–æ–ø–ª–µ–Ω–µ—Å–µ–ª–æ,1
–±–∞–∫–æ—Ç–∞,1
–∑–∞—Ç–æ–ø–ª–µ–Ω–µ,1
disaster,10
bakota,1
–ª–µ—Ç–æ,1
blm,1
blacklives,1
m4bl,1
marmo,6
arbre,4
marbre,19
marble,20
whiteleewindfarm,1
armandoreveron,1
reveron,1
refugeeswelcome,3
newsolarsystem,1
medan,1
instamedan,1
rokkor,1
–∫–∞—Ä—Ç–æ–Ω,1
–ø—Ä–∏–≤—ã—á–∫–∏,1
–º—É—Å–æ—Ä,1
—Å–æ—Ä—Ç–∏—Ä–æ–≤–∫—É,1
–ø–ª–∞—Å—Ç–∏–∫–æ–≤—ã–µ–±—É—Ç—ã–ª–∫–∏,1
—É–∫—Ä–∞–∏–Ω–∞,1
—á–∏—Å—Ç–æ–π,1
–∫–∏–µ–≤,2
–ø–ª–∞—Å—Ç–∏–∫,1
–º–∞–∫—É–ª–∞—Ç—É—Ä—É,1
–±—É–º–∞–≥–∏,1
–ø—É–Ω–∫—Ç—ã–ø—Ä–∏–µ–º–∞–≤—Ç–æ—Ä—Å—ã—Ä—å—è,1
–∂—É—Ä–Ω–∞–ª—ã,1
–¥–µ—Ä–µ–≤—å—è,1
—ç–∫–æ–ª–æ–≥–∏—á–µ—Å–∫–∏–µ–ø—Ä–æ–±–ª–µ–º—ã–≤—É–∫—Ä–∞–∏–Ω–µ,1
–≤—Ç–æ—Ä—Å—ã—Ä—å—è,1
—ç–∫–æ–ª–æ–≥–∏—è–≤—É–∫—Ä–∞–∏–Ω–µ,1
—Ü–µ–Ω–Ω—ã–π—Ä–µ—Å—É—Ä—Å,1
–ø–∞–∫–µ—Ç–æ–≤,1
–∑–∞–≥—Ä—è–∑–Ω–µ–Ω–∏–µ–æ–∫—Ä—É–∂–∞—é—â–µ–π—Å—Ä–µ–¥—ã,1
—ç–∫–æ–ø—Ä–æ–±–ª–µ–º–∞,1
—Å–±–æ—Ä,1
—Å–æ—Ö—Ä–∞–Ω–∏—Ç—å,1
treesofinstagram,1
nikond3300,1
instagrammers,3
stories,5
delhigram,3
ig_captures,3
traveldiary,3
ig_asia,3
indianphotography,3
travelling,4
igdaily,3
igs,3
mypixeldiary,1
photogrid,3
lagoon,5
yemen,2
—Ö–µ—Ä—Å–æ–Ω,2
fish,8
ouroceanisourfuture,1
superpac,1
kamoinge,1
wrrq,1
installation,2
invisibleborders,1
forfreedoms,1
transpower,1
pieceofcake,1
rawiya,1
aperturefoundation,1
freedoms,1
goodresults,1
survivalskills,1
lastingresults,1
everydayheroes,2
–ø–æ–ª–µ–≤—ã–µ—Ü–≤–µ—Ç—ã,1
–ø—Ä–∏—Ä–æ–¥–∞,3
–∏–Ω–¥—É—Å—Ç—Ä–∏–∞–ª—å–Ω—ã–π,2
–º–∞—Ä—ñ—É–ø–æ–ª—å,4
mariupolgram,1
mrpl,1
—Ç—Ä–∞–≤–∞,1
–∑–∞–≤–æ–¥,3
victory,1
–ø–æ–ª—å–æ–≤—ñ–∫–≤—ñ—Ç–∏,1
—Ü–≤–µ—Ç—ã,1
—ñ–Ω–¥—É—Å—Ç—Ä—ñ–∞–ª—å–Ω–∏–π,1
myanmar,3
goldmining,1
kachin,1
biofuelsimpacts,1
biofuels,1
palmoilfree,1
igersbrasil,2
diving,1
hawksbill,1
tasneemkhan,1
maafushi,1
worldasaclassroom,1
observation,1
designinnature,1
seaturtle,1
fleetfootadventures,1
scuba,1
earthcolab,1
citizenscience,1
stem,1
placebasedlearning,1
fieldeducation,1
crazy,11
workout,9
sportsday,9
sport,13
ibiza,10
like4like,13
club,10
fume,1
–¥–æ–≤–∫—ñ–ª–ª—è,1
harm,1
–¥–∞–π—Ç–µ–∫–∏—Å–ª–æ—Ä–æ–¥–∞,2
–Ω–µ—á–µ–º–¥—ã—à–∞—Ç—å,1
–¥—ã–º,1
monochromatic,1
econom√≠a,1
mercado,1
fotograf√≠a,1
bnw_world,1
bnwdemand,1
idcolombia,1
nikontop,1
bnwmood,2
popay√°n,1
climatic,2
bnwlandscape,1
instafood,1
portraits,1
editorial,8
carefornature,1
oceanlover,1
lanuitdesmasques,1
bruxelles,2
–ø—Ä–æ–±–ª–µ–º–∞,2
–ª—ñ—Å,1
–≤–∏—Ä—É–±–∫–∞,1
–ª–µ—Å,2
romeo,1
actor,2
tiamo,1
loveyou,1
tuesday,1
romeoandjuliet,2
milano,1
participatoryphotography,1
nooritales,1
pakistan,1
l4l,1
3868,1
2012,1
agree,1
sandbeachlake,1
bangalore,1
reuters,3
bengaluru,1
protests,2
treehugging,1
workingattr,1
noaa,1
scientist,2
whiskeycreek,1
shellfish,1
fragile,2
rainbowwarriors,1
tinyplanet,1
everydayve,22
myspc16,20
aragua,2
conventionhall,1
wall,2
sonestahotel,1
lamp,1
thebest_capture,1
planttrees,3
bangaloreweather,1
3133,1
sustainablearchitecture,1
travelingaroundtheworld,1
sustainablepractices,7
talaphoto,1
globalstorytellers,1
montreal,1
luz,4
aliasghar,3
gettyimages,5
blackwaternwf,1
climatechangemarch,1
maryland,1
uraman,1
africaamazing,2
simbu,1
wonkama,1
papoeanieuwguinea,1
pacafic,1
azi√´,1
hipstamatic,1
hipstadreamers,1
hipstamaticmagic,1
pinhole,1
hipstamaticaddicts,1
netgeo,4
somewhereincairo,3
problemsolving,1
—Å–º—ñ—Ç—Ç—è,1
–∑–≤–∞–ª–∏—â–µ,1
garbage,5
jj_birds,1
–∑–∞–ø–æ—Ä–æ–∂—å–µ,1
ff,3
cyclonesidr,7
villager,6
opensocietyfoundations,11
longtermproject,11
erosion,14
hurtlamb,1
ofthelandandus,1
smbhmag,1
millenium_images,1
invisiblemadevisible,1
tpgviewpoints,1
memorytraces,1
smbh,1
impressamag,1
archivecollectivemag,1
weltraumzine,1
simplewonder,1
electrosmog,1
noisemag,1
theearthissue,2
barytprint,1
theweathetinoursouls,1
palembang,2
filmcommunity,1
35mm,2
ushuaia,1
patagonia,2
tierradelfuego,1
lagunaesmeralda,1
shootfilm,1
35mmfilm,1
marathwada,1
agrariancrisis,1
–∏–Ω–¥–∏—è,5
–ª–æ–¥–∫–∞,2
—Ä—ã–±–∞–∫–∏,3
indianocean,4
—Ñ–æ—Ç–æ–ø—Ä–æ–µ–∫—Ç,6
–º–æ—Ä—è,1
–¥–æ–∫—É–º–µ–Ω—Ç–∞–ª—å–Ω–∞—è—Ñ–æ—Ç–æ–≥—Ä–∞—Ñ–∏—è,7
—Ä—ã–±–∞,3
„Éê„É≥„Ç∞„É©„Éá„Ç∑„É•,1
riverview,2
Ê∞óÂÄôÂ§âÂãï,3
Âπ≤„Å∞„Å§,1
Ê≤≥Â∑ùÊôØË¶≥,1
arcticice,1
arcticseaice,1
surfphoto,1
surfersjournal,7
surfline,5
surfermagazine,2
goldcoast,3
gitzo,1
facebook,3
twitter,2
persist,1
alberta,4
heartriver,1
landscapes,9
bears,1
fireseason,1
peaceriver,1
listentonature,1
land,2
north,2
mightypeace,1
boreal,1
observations,1
–∑–∞–∫–∞—Ç,1
–Ω–µ–±–æ,1
marakannam,1
laborers,1
dehydration,1
ckdu,1
ckdnt,1
pondicherry,1
ckd,1
blink,2
chronickidneydisease,1
everydaymideast,1
womenphotographers,1
snowymountains,1
horsesofinstagram,2
traveladdict,6
codered,2
teahupoo,4
globalnomad,3
bigwavesurfing,2
tahiti,4
billabongprotahiti,1
wsl,3
redbull,2
sportsphotography,2
extremesports,2
birdsofaustralia,1
canonaustralia,7
wow_australia2017,6
blackneckedstork,1
birdfreaks,1
bird_brilliance,1
everythinganimals,2
animal_sultans,2
jabiru,1
streephotographers,1
chennaioilspill,8
saumyakhandelwalphotos,6
egyptdailylife,2
egyptwithlove,1
middleast,1
egyptianstreets,2
peopleofegypt,1
infocus_egypt,1
nile,4
infinix,1
infocus,1
savenature,2
saveenviornment,1
stopgloblewarming,1
saveanimals,1
raghavjuyal,1
galletas,1
siragon,2
phone,1
minimalistic,2
cookies,1
oldbuilding,1
monument,2
elmoaaz_street,1
moments,4
candid,1
photogrpahy,1
wildfire,1
tx,1
unitedstates,15
cleanuo,1
brooklyn,1
bqe,1
endofyear,1
greehousegases,1
nyc,4
ny,2
caracas_estrella,35
virgenesysantos,2
turtle,1
protection,2
greatbarrierreef,2
damage,1
project,2
reef,3
underwater,2
heat,1
australia,11
temperature,4
coralreef,1
coral,1
starfish,1
stress,1
support,2
protect,10
aid,1
improvement,1
tinylife,1
sirvival,1
consevation,1
polarbear,4
survive,1
bear,1
beaches,2
palmbeach,1
floodwater,1
natutr,1
geology,1
seawater,1
barrier,1
10000gallonsaday,1
plains,1
conserve,1
field,1
illinois,1
fields,1
corn,1
document,2
penguin,1
march,1
solutions,1
getinvolved,1
impact,1
thewitnesstreeproject,1
cleanup,1
massachussetts,1
nantucket,1
plasticbags,1
localactivism,1
helping,1
donate,1
parks,3
communities,1
sanddune,1
hurricanesandy,1
solution,1
newjersey,1
cleveland,1
witnesstree,1
lakeerie,1
siaya,1
concerns,1
crops,9
residents,1
servicerangers,1
service,1
statepark,1
tahoe,1
rangers,1
amazingday,1
dolomitireview,1
destinationed,1
mypassion,1
beautifulday,5
mylife,3
wonderfulplaces,2
snowshoes,3
my_dolomiti,1
dolomites,3
lastingvisuals,1
dolomitiemotions,1
beautifulplace,5
visitveneto,5
friends,5
igersveneto,2
loves_dolomiti,1
panoramiveneti,2
photoproject,7
–∏–Ω–¥–∏–π—Å–∫–∏–π–æ–∫–µ–∞–Ω,4
climatechangeuganda,3
casamancia,1
mangrovesproject,1
malireforestationproject,1
coffeemountains,1
ethiopiareforestation,1
theperfectstorm,1
bigwaves,1
landfill,1
24hoursproject,1
vscoarabic,1
cat,2
whpvibrant,1
cairobyme,1
abbie,1
lencultre,1
egypttodaymagazine,1
mappafrica,1
medellin,3
adeuxcestmieux,1
kotatua,1
hearitage,1
photoessay,5
icemelt,1
climat,1
belgique,1
natureculture,1
seaüåä,3
pentax,3
loveintimeoftransit,3
ricohimaging,3
everydaymyanmar,1
docuteam,1
docuoffice,1
lookintothelight,2
welcomerefugees,1
urbanexploration,3
artdistrict,1
vscobeijing,1
urbex,2
historic,1
instabeijing,1
beijing,2
travellove,1
lostplace,1
sepia,1
industrialdesign,1
igerschina,1
798district,1
wintersun,1
railroad,1
katharinahesse,19
evnvironment,1
morocco,1
lavie,1
travelafrica,2
uganda,2
throwbackmonday,1
everydayuganda,1
chacao,4
lacalifornia,2
noicemag,4
yetmagazine,4
humbleartsfoundation,4
justifiedmagazine,1
ecologyproblems,2
phroommagazine,4
thenewtopography,4
cleanpowerplan,1
foammagazine,4
phasesmag,4
nature_skyshotz,3
abcmyphoto,4
nsw,4
ig_discover_australia,2
sunrise_and_sunsets,3
sun_and_beach_sb,3
ig_australia,5
australiagram,3
sky_sultans,3
lakecathie,3
portmacquarie,4
clouds_of_our_world,2
camdenhaven,3
worldbestgram,4
midnorthcoast,2
ig_myshot,4
aussiephotos,2
abc_myshot,1
australia_shotz,1
artpure,1
australia_oz,1
milk,1
milker,1
cowboy,1
eastafrica,2
uruguaynatural,1
ramblamontevideo,3
sunday,2
sundaymorning,1
–º–æ—Ä–µ,3
–¥–µ—Ä–µ–≤–Ω—è,1
lovepeaceandhappiness,1
rescuedog,1
worldpeace,1
animalprotection,1
music,1
saveoceantreasures,1
oceanlife,3
nuevoa√±obrindar√©,1
newyeareve,1
iniciodelverano,1
amanecer,2
outback,1
kalgoorlie,1
squall,1
bushfire,1
skitouring,1
seekingbalancefindingadventure,2
earnyourturns,1
sharksfin,1
gulmarg,1
wildlifeasia,1
rescue,1
jogjaku,3
exploringtheglobe,3
tribal,6
cyclonen,1
cycloon,1
natuurramp,1
lenapus,1
paisaje,2
chilelindo,1
wonderful,2
veneto,3
canyoning,1
belluno,1
igersitalia,3
waterfall,1
suistainable,1
concert,1
enjoynature,1
bandaosiris,1
performance,1
aboca,1
bethechange,2
lucamercalli,1
loveheart,1
verde,1
queimada,1
pomar,1
horta,1
urbanagriculture,1
arboriza√ß√£o,1
fogo,1
greenpower,1
bigsnow,2
igersbelluno,1
everydaylafrontera,2
borderfence,1
migration,3
sonorandesert,1
lafrontera,1
migraci√≥n,2
murofronterizo,1
migrants,1
sonora,2
migrantes,1
believeinfilm,1
desiertodesonora,1
borderwall,2
arizona,2
nobannowall,1
wherethemloversat,1
sonya7r2,1
optoutside,2
üò∑,1
asthma,2
coalisnotclean,1
tattoo,1
wow,1
east,1
atlasofbeauty,1
—Ä—ã–±–∞–ª–∫–∞,1
canon_official,2
akas_khoone,2
canoncamera,2
canon_photography,2
ahwaz,2
ir_photographer,2
honar_pics,2
ir_aks,2
ir_ig,2
ÿ¢ŸÑŸàÿØ⁄Ø€å_ŸáŸàÿß,2
ÿßŸáŸàÿßÿ≤,2
iranian_photography,2
akas_baashi,2
image,5
in,1
ÿßŸáŸàÿßÿ≤_ŸáŸàÿß_ŸÜÿØÿßÿ±ÿØ,1
ÿßŸáŸàÿßÿ≤€å,1
keepitwild,5
globalnomads,3
instatrip,1
planetwanderlust,2
instasnow,1
instanepal,1
flowerpower,1
electricity,3
airsunworldwide,2
saveournature,1
energytree,1
thefuture,2
thefirstenergytree,1
peta,2
stopthepolution,1
iheartwind,3
producing,2
sustainableenergy,3
windturbine,4
birdsafe,1
nopolution,1
verticalaxis,2
birdfree,1
stoppollution,2
savemotherearth,1
martinscorsese,1
healthy,1
ramblademontevideo,1
run,1
ig_nature,2
birders,2
wintermornings,1
Ê≤≥ÂåóÁúÅ,1
hebei,1
Áü≥ÂÆ∂Â∫Ñ,1
changsha,1
chinaüá®üá≥,1
everydaychina,1
srilanka,5
climatefacts,5
igersmexico,1
popocatepetl,1
siluet,1
igerspuebla,1
mexicomagico,1
instapue,1
volcano,2
audela,1
elements_essentiels,1
wildlifeplanet,2
savethewildlife,1
infini,1
protecttrees,1
protectwildlife,1
protectoceanlife,1
bns_nature,1
protectanimals,1
natureprotect,1
wildlife_seekers,1
seacliff,1
beachday,1
environmentaljustice,1
cowspiracy,1
vegetarianos,1
picoftheweek,2
seca,3
meatfree,1
brazilhinterland,3
nordeste,3
120mmfilm,2
cimattechange,1
meatreduction,1
–º–∞–π—Å—Ç–µ—Ä–∫–ª–∞—Å,1
wildnature,1
–¥–∏–∫–∞–ø—Ä–∏—Ä–æ–¥–∞,1
—Ñ–æ—Ç–æ–≥—Ä–∞—Ñ—ñ—è,1
theguardian,1
queensland,2
wearefucked,1
storiesofindia,2
cngiveitashot,1
colombo,1
ainelsokhna,1
palms,1
stellademare,1
resort,1
seaview,1
oilspill,2
bayofbengal,4
ennorebeach,2
oil,3
tamilnadu,2
genderequality,2
samburu,2
calavera,1
skull,1
writing,1
healthyfood,1
citylife,3
healthylife,1
fishermanshop,1
healty,1
smile,7
fun,1
writtenwall,1
mud,2
everydaylatinoamerica,6
volcan,2
mudslide,3
faith,3
catastrophe,3
virgin,1
jujuy,3
esdgc,1
mockcop,1
modelun,1
–∫–æ–Ω–∫—É—Ä—Å,1
—Ñ–æ—Ç–æ–∫–æ–Ω–∫—É—Ä—Å,1
climatetracker,2
maniqui,1
marmostatuario,7
sculpteur,2
artistsofinstagram,6
xcavate2016,1
mumbaidiaries,1
swagphoneiscoming,1
blogger,1
makeearthgreenagain,2
infectedlighting,1
salewa,2
memories,1
makeearthgreatagain,1
nambas,1
bignambas,1
governance,1
resistance,1
womenpower,1
watermafia,1
landrights,1
realestate,1
urbanization,1
gharbachaogharbanao,1
righttothecity,1
cities,1
capitalism,1
builderlobby,1
peoplesmovements,1
housingrights,1
unicefwater,2
therighttowater,1
misgovernance,1
westpapua,1
fightdeforestation,1
threes,1
nature_skyshots,2
climatereality,3
animalphotography,2
red,3
everydayeasterneurope,2
frog,1
montenegro,8
frogseason,1
nature_brilliance,3
nature_wizards,2
nature_sultans,2
cruising_australia,1
supratimart,3
monsoon,4
dhaka,5
burigangariver,1
fruit,1
kompasunpublished,1
festivalfotografikompas,1
ricefield,1
horses,1
tedideasearch2017,1
womeninphotojournalism,1
flashesofdelight,1
whyilovekenya,1
population,2
igersnairobi,1
genderbalance,1
thehappynow,1
kievgram,3
antropologie,1
subjectivelyobjective,1
newtopographics,3
garbagedump,3
planttherapy,1
succulentsaturday,1
homewares,1
greenhouseeffect,1
artsanity,1
protectourplanet,1
keramik,1
ceramicart,1
bowlinggreenmassacre,1
leafandclay,1
handmadepottery,1
homegoods,1
verilymoment,1
aquietstyle,1
peaberrypottery,1
interiorinspo,1
succulentpups,1
clayistheway,1
gun,1
salaheldincitadel,1
castle,2
weaponshall,1
greettheoutdoors,1
wearestillwild,2
welivetoexplore,2
earthofficial,2
wonderfulindonesia,2
betheadventure,2
endangeredspecies,2
theglobewanderer,2
roamtheplanet,2
exploremore,2
wildme,1
lonelyplanet,3
budayaindonesia,1
lenseculture,1
donaltrump,1
letreros,1
modomarathon,2
happymoment,2
documentaryphotographers,1
sedapatagonia,2
everydaybolivia,1
tamrontps,9
yolanda,2
haiyan,4
yolandaph,2
donetsk,1
theweekoninstagram,5
neeldongregrant2016,1
friendsinperson_08,1
ragpickers,1
recycling,1
hyderabad,1
environmentalissue,1
sickcountry,1
perogovo,1
–æ–∫–µ–∞–Ω,1
–º–µ–¥—É–∑–∞,1
photostory,2
roadtrip,1
huaweip8,1
mahdibarchian,1
baluchistan,1
worldwetlandsday,2
hamoonlake,1
worldwetlandsday2017,1
identity,1
ramsarconvention,1
sistan,1
storiesofiranians,1
giza,2
kooloonbungcreek,1
animalsmood,1
animalfanatics,1
leoandindie,1
ranchi,3
onepluslife,3
knifes,1
sharpknifes,1
weeding,1
respect,7
ecoliving,6
solarsolutions,6
cleantech,2
climatecontrol,7
renewableresources,1
fightthegoodfight,6
naturalproducts,4
cleantechno,1
solarpv,6
pacific,2
pacificwarriors,1
kiribati,1
fulbright,1
oceania,2
waveoftheday,1
perfectwave,1
surfphotos,2
blueskies,2
theperfectwave,1
essayphotography,2
sodomandgomorrah,1
athabascaglacier,3
sdg13,3
rockies,2
jashleynixon,3
raven,1
columbiaicefield,3
geomorphology,3
moraine,3
jasper,3
mountainphotography,2
jaspernationalpark,3
athabasca,3
birdphotography,1
airiceland,1
icelandair,2
leicacolorfulweeks,1
icebergs,1
gr√∏nland,1
seaice,2
leicacolourfulweeks,1
visitgreenland,1
centralvalley,7
artista,1
arte,4
sculpteurs,1
sadview,1
peopleneednature,2
balanceisthekey,1
oceanlove,2
bridge,3
backstage,1
storiesofthecoast,2
pier,1
balance,1
walk,1
doyoudare,1
toomuch,1
bridges_aroundtheworld,1
plasticproblems,2
consumer,3
oceaniseverything,1
plasticbeach,2
cloud,1
monogram,1
quito,1
needhelp,1
cleanoceans,2
maskerwajah,1
caracashermosa,6
losproceres,1
ezequielzamora,1
nicolasmaduro,1
bestoftheday,3
peoplescreative,1
egyptian,2
vscoüì∑,3
caf,2
christ,1
ourdailyplanet,5
exploretheworld,2
umbrella,1
coloradosprings,2
conservationphotography,2
canoneos,2
beetlekill,1
waldocanyonfire,2
restoration,2
rmficolorado,2
forestfires,1
bolunteers,1
burnscar,1
volunteerworkers,1
waldocanyonburnscar,1
volunteers,1
adventuresinlight,3
justaddwater‚ûï,1
redgirl,1
oceancleanup,1
eastasia,1
danmalloy,2
photocontest,1
nashiargan,1
won,1
unitedkingdom,1
towerbridge,1
london,1
canonlens,1
best_photogram,3
coophshoutout,1
inverno,1
foggy,1
brescia,3
ournaturedays,3
fromhiltonhotel,1
octoberbridge,1
bigapple,1
upcycle,1
americangirl,1
nest,1
iseoulu,2
publichealth,2
climatechangesireal,2
nitrogendioxide,1
heart,1
didyouknowüëâ,7
pollutants,1
reducecarbon,8
leosavestheplanet,12
globalwarmingisreal,5
uk,1
gardens,1
ozone,2
lung,1
didyouknow,6
altafloresta,1
cristalinostatepark,1
4,1
tea_journals,1
photosociety,1
bnw_one,1
photoshoot,1
3,1
2,1
arabiansea,1
carbonemissions,1
roads,1
metro,1
holgacamera,1
bahia,1
cabra,1
goat,2
longterm,1
Ê≤≥Â∑ùÊñáÂåñ,1
riverculture,1
goodmorningamerica,1
waterchicago,6
cooma,1
abcarts,1
photooftheweek,2
stormclouds,1
travelafrique,2
kathmandu,1
documenting,1
nepal,2
thelensbible,1
olympus,1
p,1
onmyway,2
goingtowork,2
autobus,1
skywiththickclouds,1
tropicalisland,1
artprint,1
beautufuldestinations,1
toxicair,1
us,3
richmond,1
icausebeautiful,1
publicland,1
keepitpublic,1
pronghorn,1
sciencebasedpolicy,1
fireworks,1
gosolar,2
seychelles,1
free,1
carbondioxide,3
saveocean,3
carbonemission,2
winter2017,2
wolfinsheepsclothing,1
chacaito,1
risingsea,1
westbengal,1
mangrove,1
sunderban,1
mylifestyle,1
everydayurmia,2
sharafkhaneh,2
ir_mobilgeraphy,2
phototraveling,2
saltlake,3
discoveriran,2
saltdesert,2
iphonegraphy,2
worldtravelmagazin,2
minimalha,2
lakeurmia,3
urmia,2
weatherchannel,4
cement,1
abandonedlandscapes,1
photopoetry,1
everydaycolombia,1
bogota,2
photojurnalism,2
mediterranean,3
coveredpalmtree,1
ulqin,3
covered,1
palmtree,2
desi_diaries,1
skytrail,1
bnw_india,1
runner,1
canoneos30d,1
pesonajambi,1
jambiku,1
travelltrip,1
infojambi,1
galeryjambi,1
taujambi,1
fineartphotography,2
exploreaustralia,1
disastermanagement,5
brahamaputra,3
floodsinassam,11
assamflood,10
floodplain,9
naturalcalamity,10
drowningstate,11
seeallsides,1
notforall,1
travelphoto,2
tourism,2
surfersagainstsewage,1
naturelover,2
dirty,1
theotherside,1
dontbeblind,1
gosomewhereelse,1
familia,2
angular,2
bebe,1
pictures,1
documentalismo,1
gaelaitor,1
retrato,2
mifamilia,2
baby,1
instarepost,1
actionaid,3
icemelting,4
climatescience,4
–µ–∫—Å–ø–µ–¥–∏—Ü—ñ—è,2
—Ä—ñ—á–∫–∞—ñ–Ω–≥—É–ª,2
—â–æ_–≤–∏_–∑–Ω–∞—î—Ç–µ_–ø—Ä–æ_–ø–æ—ñ–≥—É–ª–ª—è,2
–ø–æ—ñ–Ω–≥—É–ª–ª—è,2
—ñ–Ω–≥—É–ª,2
–≤–∏—Å–æ—á–∏–Ω–Ω–µ–ø–æ—ñ–Ω–≥—É–ª–ª—è,2
–µ–∫–æ–ª–æ–≥—ñ—á–Ω—ñ–ø—Ä–æ–±–ª–µ–º–∏,2
–Ω–∞–π–∫—Ä–∞—â–∞_–∫–æ–º–∞–Ω–¥–∞,1
antimano,3
agencecosmos,2
munshigonj,1
safedrinkingwater,3
myegypt,1
everydaymiddleseast,1
windsofchange,1
windowview,1
ontheroad,2
sokhna,1
glorious,1
peacefulness,1
cottoncandyclouds,1
glorioussky,1
checkouegypt,1
therewillbelight,1
windmills,6
suez,1
theweekend,1
cottoncandy,1
cottoncandysky,1
photographyprints,3
alaskalife,1
alaskansknowclimatechange,1
glacialmelt,1
protectourhome,1
chelseahornart,1
whythefuckisthisstilladebate,1
loveourland,1
grewinkglacier,1
sharingalaska,1
payattention,1
glacialflow,1
karun,2
blog,4
blogging,1
ecooco,1
carpathian,1
prostomandry,1
sourcedadventures,1
—è—Ö–æ—á—É–¥—ã—à–∞—Ç—å,1
europe,2
shrimps,1
ldfoundation,2
ldf,2
emissions,1
saveourplant,2
mosque,2
islamicart,1
elkhazendar,1
cairoegypt,1
kutdistan,1
fujixt,1
abogbloshie,1
monstersinprint,1
southpacificclimatechange,1
cyclonewinston,1
fiji,1
collectiveaction,1
weseeit,1
climatechangeinfiji,1
mali,1
thisisreal,1
vorovoro,1
notallthatglittersisgold,1
laguna,4
quiet,4
shortage,4
bolivia,4
futureworld,4
rainseason,4
minimal,4
cumbre,4
dam,4
pipe,2
cotapata,4
lapaz,4
snowmountain,2
troms√∏,1
arcticcouncil,1
arcticfrontiers,1
join,1
standingrock,1
notofossilfuels,1
standwithstandingrock,1
standup,1
ec–æok–æ,1
e—Å–æok–æ,2
cleantechnology,3
alternativeenergy,4
microbus,1
redalert,1
staystrong,1
‰∏≠ÂõΩ,1
Âåó‰∫¨,1
soilerosion,2
worldslargestriverisland,1
livelihood,2
majuli,5
assamflood2016,2
aftermath,6
rehabilitation,8
instagramgrant,2
displacedfamilies,7
humanintereststories,8
fooodinsecurity,1
nz,1
student,1
petstagram,1
davaodelnorte,1
pets,1
sanfrancisco,1
cccs2017,1
womensmarch,1
atmosphericriver,1
womensmarchsf,1
flag,1
guatemalaüá¨üáπ,1
guatemalacity,1
montura,1
sonycamera,1
gabel,1
bostonglobe,1
feet,1
feature,1
associatedpress,2
ethiopi√´,1
care,1
afrique,1
hargeisa,1
madagascar,1
androy,1
church,1
eglise,1
mada,1
everydaymadagascar,1
igersmadagascar,1
travelstories,2
foodinsecurity,10
floodrelief,4
storiesfromassam,7
climatechangeindia,6
riverislands,2
shatkhera,3
suburban,4
villagerforest,2
dreamingincolorphotography,1
canon70d,1
floodstory,1
majuliisland,1
stopsabaltrail,1
nopestasides,1
saveoakflat,1
nokxl,1
veganism,1
panature,1
chescopa,1
pennswoods,1
pawild,1
itweetwithbadlands,1
pa,1
in2nature,1
permaculture,7
govegan,1
mickfanning,2
skycolors,1
rambla,1
waves,3
mexicophotgraphers,2
filmphotography,3
womanspower,1
womansrights,1
iloveblackandwhite,2
love_bnw,2
darkroom,2
silverprint,2
buyfilmnotpixels,2
texture,2
pov,1
mexture,1
fromhere,1
fromwhereidrone,1
leadinggeneration,3
materials,3
23e,2
iphone6,2
lacumbre,2
bwphotography,2
rock,2
climatechangeukraine,1
kerja,1
oi,1
enkatalavillage,1
3988,1
newyorktimes,1
hottestyear,2
exploration,7
record,1
1921,1
azdarya,3
4166,1
urbanism,1
urbanismo,1
paraguay,3
asuncion,2
asuncentro,2
streets,2
welovescience,1
skywithyhickclouds,1
relief,3
assamfloods,2
floodfury,5
muizenberg,1
capetown,2
therealcityofcapetown,1
southafrica,1
thesestreetsza,1
themeaningoflife,1
thelifeofbrian,1
waltermitty,1
nomorecoal,1
durde,1
foryourstory,1
coalpower,1
turkey,1
cliamatechange,1
keremyucel,1
shootingcapetown,1
fujifeed,1
fujifilmxt1,1
–ø–ª—è–∂,2
summer2016,1
assamflood2015,3
2238,1
helicopter,1
1823,1
igersgermany,1
bayernmunich,1
overpopulation,1
munchen,1
beutifuldestinations,1
bayern,1
igersmunich,1
society,1
olympic,1
igersbayern,1
over,1
noor,1
munich,1
deutschland,1
architektur,1
beutiful,1
igersdeutschland,1
overwatch,1
nikonitalia,1
colours,1
dronecommunity,2
northcotabato,3
dji,3
dronephotography,3
mindanao,3
everdaymindanao,3
everydaynorthcotabato,3
dronestagram,3
Ê≤≥Â∑ù,1
fatherandson,1
everydaybangsamoro,1
dailyoverview,1
palmtrees,1
everydaycounts,2
firstlight,2
goddamnit,1
donaldtrump,1
foteignpolicy,1
globalthreat,1
malecity,1
igersgreenland,1
igersoftheday,1
120film,1
riau,2
tiburones,1
seaofcortez,1
pelagic,1
seamonsters,1
themanandthesea,1
deepblue,1
monsta,1
sharks,1
seacreatures,1
seafirefly,1
hpw,3
fightclub,1
turkana,1
laketurkana,1
laketurkanawindpower,1
streephotography,2
ig_global_people,12
ccr_2017,1
instanusantara,1
stupid,1
sonya6300,1
engineering,1
360,1
chalomp,1
hfe,1
shotoniphone6s,1
windturbines,1
madhyapradesh,1
engineer,1
pinyonpinejuniperforest,1
humanoverpopulation,2
northwestcolorado,1
wildlifephotography,4
westernslope,1
humanhabitatdestructionendangeredplanet,2
rangefire,1
cheatgrass,1
coloradoplateaudesert,1
dams,1
endangeredplanet,1
silt,1
lakepowel,1
desertlandscapes,1
cuatimalan,1
searchingforstories,1
nahuatl,1
access,2
capetownmag,2
csir,2
worker,5
borguna,1
migrant,5
deadanimal,1
temperaturerise,2
saveglaciers,1
ecologicalimbalance,3
greenair,1
barackobama,1
nation,1
owenwright,1
meditation,1
rainbow,2
everchanging,1
spirituality,1
zazen,1
spiritualgrowth,1
innerpeace,1
spiritualjourney,1
earthfortomorrow,1
globalclimate,1
everdayegypt,2
instameet,2
est√°quearde,1
japow,1
thisisfreeride,1
instamontenegro,3
—Å–º–æ–≥,1
–µ–∫–æ–∞–∫—Ç–∏–≤—ñ–∑–º,1
monuments,2
pattern,1
elmoaazstreet,1
elhakembamrallah,1
sagegrouse,1
bison,1
sagebrush,1
grandtetons,1
miningfield,1
ceruleanblue,1
latinoamerica,2
sudamerica,1
trucks,2
chilegram,1
shore,1
ig_chile,1
insta_chile,1
tires,1
elpinacate,1
border,1
cercofronterizo,1
desiertodealtar,1
frontera,1
apolo,1
nasa,1
vimptfreeprint,1
onthestreets,1
documentry,1
st_ph,1
republicofhumanity,1
qazvin,1
ŸÇÿ≤Ÿà€åŸÜ,1
communityfirst,1
ig_energy_people,14
altamira,2
everyday_yemen,1
theycare,1
ilsveillent,1
turtles,2
selfieleavescarbonfootprints,1
selfies,1
footprint,1
fossilfuel,3
mobile,2
google,1
drinkfromglass,2
straws,1
youtube,1
underwaterphotography,3
russia,3
—Ä–æ—Å—Å–∏—è,1
stars,2
follow4follow,4
zoo,2
girl,3
–∂–∏–≤–æ—Ç–Ω—ã–µ,1
followme,4
amazing,9
likeforlike,3
vscorussia,2
dear,1
mars,1
marvel,1
sunpower,1
sunking,1
—ç–∫–æ—ë–ª–∫–∞,1
–Ω–æ–≤—ã–π–≥–æ–¥,1
–≥—Ü_22,1
fggrt,1
karazina,1
–µ–ª–∫–∞,1
studrada,1
eccoko,1
–≥–µ–æ,1
kolashin,1
body,1
newsphotograohy,3
dryland,2
pinetreeforest,1
bjelasica,1
latenightlight,1
ilovemyprovence,1
sundaysessioncycle,1
veloledimanche,1
katewinslet,2
carbonfootprints,1
harness,2
titanic,2
plasticpollutes,9
window,2
textures,2
textureshot,2
g√ºnaydƒ±n,1
huancabamba,1
neblina,1
cruzatucamino,1
flying,1
saltwalter,1
inthesky,1
redwater,1
greatview,1
colourful,1
greatshot,1
lightening,1
dicaprio,7
renewablwenergy,1
leo,6
pollutioncontrol,2
sweden,1
riseinsealevel,1
experiment,1
economyüòé,1
olympuscamera,13
ignorway,13
unisvalbard,13
northernnorway,10
olympusfrance,13
norway2day,13
visitsvalbard,13
longyearbyen,13
olympusnorge,13
olympusomdem5,13
scandinavianphoto,13
imagesofnorway,13
nordnorge,13
visitspitsbergen,13
mittsvalbard,13
em5,13
norgefoto,13
wipplay,7
university,1
didyouknowüëâüåª,3
reading,1
basketballdiaries,2
paristalk2015,1
catchmeifyoucan,1
freshair,1
alankapoor,3
rickshaw,1
urbannature,1
naturalezaurbana,1
monirulalam,3
artdealer,2
rechauffement,2
artnet,2
control,1
blackandwhitephoto,1
beautifuldestination,1
allshots,2
pastel,1
carbonno,2
savetree,2
soil,1
climatechangeeveryday,1
thesurfjournal,1
oceanlovers,2
journeybeyond,1
southernoceans,3
rosssea,3
arbres,2
arbreville,2
citytree,2
watch,1
antique,1
balkans,1
firstsnow,3
kalajaulqinit,1
mediterraneansnow,1
olivetree,1
clocktower,1
sahatkullaulqin,1
swimwear,1
fashiondesigner,1
activewear,1
fashionswimwear,2
splash,1
getoutdoors,1
swim,1
nature_lovers,1
pinterest,1
carpooling,1
ozonelayer,1
turbines,1
refillwater,2
uvrays,1
refillrevolution,1
ozonelayerdepletion,1
cooker,1
layerdepletion,1
fuel,1
calmandcomposedalankapoor,1
coconutoil,1
canonphotography,1
isbj√∏rn,1
stillwatersrundeep,1
kolasin,1
kolasinskiresort,1
bratica,1
whiteallovertheplace,1
bellasartes,1
cities4climate,1
notmadeforcoldclimates,1
stopclimatechange,1
savetheclimate,1
climatehope,1
tropicalclimate,1
climatemarch,1
climatebondsinitiative,1
microclimate,1
justiceforclimatechange,1
fightclimatechange,1
climaterevolution,1
climatefinance,1
climateleaders,1
climateribbon,1
climaterealityproject,1
climatenews,1
combatclimatechange,1
actionsspeaklouderthanwords,1
bekind,1
woods,1
lovenaturesbeauty,1
coalmine,1
undergroundfire,1
moody,1
dhanbad,1
assignment,2
mine,1
mylove,1
dumping,1
energyindependent,1
renewableenergynow,1
opportunity,1
merdeglace,1
montblanc,1
actforclimatechange,1
ontotheroad,1
vagabond,1
backpacking,2
lesotho,1
humansofinstagram,1
socialimpact,1
chinstate,1
offthebeatentrack,2
pactpromise,1
lategram,1
lovedoes,1
purpose,1
igersmyanmar,1
givingback,1
backpacking4energy,1
burma,1
iheartmyanmar,1
beautifulpeople,1
changeisyou,1
lightbox,1
watertowers,2
shaibaba,2
roofoftheworld,2
sikkim,2
dailybestpic,9
byke,1
humansofafrica,1
happiness,2
africanway,1
workingtrip,1
travellingaround,1
workingwoman,1
sharing,1
svnoorderlicht,2
storyofstuff,2
arachronism,2
products,2
electronics,2
saynotocarbon,1
rising,2
solarspill,1
bj√∏rn√∏ya,1
arcticexplorer,2
nemothehusky,1
seagull,1
frackfreeohio,1
hawaii,1
waimeabay,1
waterandlight,1
waimea,1
bodyboarding,1
bodyboard,1
mediumformatcamera,1
industries,1
an,1
asambleanacional,1
durabledevelopment,5
root,1
devellopementdurable,5
endemism,1
factüëâ,1
footprints,3
carryhandbags,1
refillbottles,1
changehabits,1
pollutionfreeearth,2
usepaperbags,1
marine,1
banplasticstraw,1
stopusingplastic,1
avoidstraw,1
choosemountains,1
themountainsarecalling,1
blackwhitephoto,1
statigram,1
mobility,1
bw_photooftheday,1
murakami,1
eyeemphoto,3
1q84,1
samsung,1
aiport,2
ig_medellin,2
rionegro,2
instashoot,2
aeropuerto,2
streetphotomobile,1
ig_bnw,2
monocrome,2
igersmedellin,2
elcolombiano,1
nageoyourshot,1
igcolombia,1
natgeoyourshoot,1
streetphotointernational,1
travelphotographysociety,1
nytimestravel,1
fotochacao,3
üíØ,1
fineartprint,1
jargalan,3
families,3
jargelan,1
lasparedeshablan,1
espana,2
espa√±a,2
madrid,1
blackegg,1
eggs,1
oeuf,1
renaissance,1
rebirth,1
bayou,2
louisianalife,6
mississippidelta,4
ig_unitedstates,3
ruralamerica,2
southernlife,4
louisiana,7
terrebonneparish,1
theimaged,4
symmetrical,1
pollutewaste,1
jakarta,2
guardiancities,1
guardiancity,1
earthquakes,1
switchtosolar,1
temperatures,1
sandstorms,1
stopplastic,1
kids,1
landslides,1
nopollution,1
cleanpower,1
windmill,1
lekalonise,2
letitsnow,1
apulia,2
nonsicapiscepiuuncazzo,1
salento,2
igerslecce,1
southitaly,1
canyoubelieveit,1
artactivity,1
indigenous,1
craft,1
arteducation,1
artislife,1
newyearsresolution,1
4319,1
speach,1
seniorhighschool,1
parisagreement,1
youth,1
students,1
shs,1
travel_captures,1
natureshots,1
everydayiceland,1
geography,1
voyageursdumonde,1
topnature,1
natgeolandscape,1
landscapephoto,1
viajando,1
igerspain,1
roundtrip,1
igerscatalunya,1
icelandic,1
travelawesome,1
landscaper,1
aroundtheworld,2
geografia,1
svinafellsjokull,1
vistor,1
anikrahman,1
lemonde,1
runaflirts,1
oilspills,1
everydayecuador,1
4268,1
2040,1
rurallife,1
unitedstatesofamerica,1
ruralexploration,1
goldenhourphotography,1
ruraldecay,1
poor,1
lafourcheparish,1
grandeisle,2
smalltownusa,2
lightandshadow,1
shadowplay,1
shadowhunters,1
smalltown,3
shadowgram,1
decorations,1
traditions,1
mardigrasbeads,1
photographyprint,1
23,1
wildlifeonearth,1
jj_daily,1
weekly_feature,1
macawproject,1
wildlifefriend,1
canonusa,1
wildlife_perfection,1
discoverglobe,1
wildlife_supreme,1
prestige_pics_,1
charlottesville,1
nola,3
persepective,1
neworleans,3
itsyournola,2
leadinglines,1
injustice,1
lower9thward,2
iloveneworleans,1
streetvision,2
katrina,1
americanhistory,2
streetartistry,1
abandonedplaces,2
ilovenola,1
visitneworleans,1
therealla,1
grittyside,1
snapper,1
coolangatta,1
coolhunting,1
vscogram,2
special_shots,1
littlepeople,1
streetside,2
vscogrid,2
streetpics,2
traveler,1
naturetakesbackitscourse,1
lanaturereprendsesdroits,1
uponsand,2
outerbanks,2
obx,2
fukishima,1
markwillacy,1
snowyriver,2
audubonsociety,1
keepparis,1
spectacledeider,1
duck,1
nsf,1
ducksunlimited,1
nationalbirdday,1
herewego,1
greeninglasvegas,7
farmeverywhere,1
carbonnegative,6
gp100in100,1
greensongreensongreens,1
kellyslater,1
everybodystreets,1
ŸÖŸàŸÑÿØ_ÿ±ÿ≥ŸàŸÑ_ÿßŸÑŸÑŸá,1
saintlouis,1
languedebarbarie,1
photojournalisme,1
breatheintheair,1
barrow,1
whale,2
nalukataq,1
freedomthinkers,1
filmteam,1
cinematography,1
enifoundation,1
filmmaker,1
turkishairlines,1
goingto,1
camera,1
setlife,1
upintheair,1
sony,1
eni,1
onset,1
flyhigh,1
palma,1
rosignanosolvay,2
waterpollution,2
tuscany,2
whitebeach,1
snowymountainsnsw,1
yearsjourney,1
speech,1
mustwatch,1
crowdfunding,3
indiegogo,3
carbonneutral,1
jadavpayeng,2
upolu,1
warmwatersproject,1
polinesia,1
lifequotes,1
successquotes,1
millionaires,1
wisdom,1
motivation,1
lifelessons,1
quotestoinspire,1
enterpreneur,1
nomad,1
success,1
personalgrowth,1
perspectives,1
perspective,1
provence,1
winteriscoming,1
safe,1
snorkeling,1
hardtimes,1
countrylife,1
coastallife,1
jeffersonparish,1
barataria,1
reallife,1
bayoulife,1
bayoubarataria,1
graveyard,1
bnw_globe,1
bw_lover,1
hatteras,1
decay,1
bw_society,1
tombstone,1
cemetery,1
cemetery_shots,1
grave,1
gravestone,1
abandoned_junkies,1
salvo,1
headstone,1
greyskies,1
assasinscreed,1
gizapyramids,1
civilization,1
aboelhol,1
pyramidsarea,1
victoria,1
weneedchange,1
embracenature,4
respeiteanatureza,4
peopleandplanet,4
camping,1
kayaking,1
southerlys,1
oldyella,4
iloveit,1
hardearnedthirst,1
breathing,1
soup,1
salmankhandiamondcomics,3
breatingproblems,1
usage,1
pollutes,1
dogs,1
kidneyproblem,1
coalemitscarbon,1
solarcookers,1
comicseries,2
comics,1
coalpollution,1
solarcookersinternational,1
hiver,1
changementclimatique,1
actionclimate,3
paysagedhiver,1
saisons,1
paysage,1
protegeonsnotreplanete,1
rsa,1
peopleofindia,1
wikipedia,1
jj,1
igramming_india,1
climatechangemigration,2
drinkingwatercrisis,2
gender,2
livingonearth,1
happynewyear2017,1
fotostationtps,3
adidas,1
leicacamera,1
streetphotografy,1
surfexploration,1
amazonforest,1
brazilenvironment,1
henrirousseau,1
jordan,2
michaeljackson,1
iambad,1
shifttosolar,1
coalkills,1
bestphotographer,1
laif,1
laifphotoagency,1
wotansday,1
wotancraft,1
sthash,1
bauxite,1
instagramer,1
foodsecurity,2
jonathanposselt,1
world_of_engineering,2
climateemergencydeclaration,2
shark,1
kayak,1
yamba,1
evanshead,1
nbnnews,1
emergency,1
coffsharbour,1
earthfirst,1
aftertheflood,1
feedsoclean,1
askphorum,4
ig_photooftheday,1
awards,1
award,1
instasky,1
conservationinternational,1
instacool,1
passportready,1
journalist,3
worldpressphoto2016,2
visualambassadors,3
getty,2
ignews,1
passionpassport,3
intimate,1
media,2
agency,2
rtnews,3
aljazeera,3
aov,2
leicaq,1
ap,1
meistershots,1
melbourne,1
candelita,1
manaure,1
caliexposhow,1
tankos,1
mybicicleta,1
desierto,1
rioacha,1
palomino,1
suramerica,1
santander,1
guajira,1
molinodeagua,1
bicicleta,1
zapatoca,1
bicitour,1
lacandelaria,1
getsemani,1
viajeenbici,1
cartagena,1
anzoategui,5
kuwait,1
obrigado,1
ferngully,1
africanportraits,1
ÁÄ¨Êà∏ÂÜÖÂõΩÈöõËä∏Ë°ìÁ•≠2016,1
chasinglight,1
bestnineinstagram2016,1
2016Âπ¥,1
yourchoice,1
bestnineofinstagram,1
supermoon,1
bestnine2016,1
kalimantanbarat,1
windowseat,1
pontianak,1
birdview,1
worldpressphoto2015,1
climateadaptation,1
mermaid,1
fashionphotography,1
beachlife,1
fashionbikini,1
bikinilife,1
surfergirl,1
andaluc√≠a,1
waterislifeüíß,2
starlight,1
shootingstar,1
town,1
clearsky,1
astrophotography,1
andamans,1
glow,1
starwars,1
art_empire,1
artfido,1
art_worldly,1
worldofartists,1
dailyarts,1
worldofpencils,1
artscrowds,1
art_collective,1
newyear,1
art_spotlight,1
arts_help,1
artistuniversity,1
harsherclimate,1
frostbite,1
ozonedepletion,1
crop,1
savelife,1
beinghuman,1
haveyourealised,1
beingsalmankhan,1
salmankhan,1
saveplanet,1
plantswanted,1
salmankhanspreadslove,1
happynewyear,1
ethiopiahighlands,3
newyear2017,1
whpresolutions,1
picoftheyear,1
oneyearago,1
teso,1
soroti,1
phultala,2
worldnews,2
collage,1
standwithbearsears,1
dying,1
cigarette,1
curse,1
globalart,1
universe,1
protectit,1
futureisourown,1
awarenessissue,1
cycloneeffect,1
beforethefloods,2
welcome2k17,1
socialmedia4socialgood,1
lsprclimatechangesolutions,1
savecoral,1
almageorgiausa,1
trumpisdangerous,1
puertolacruz,4
lecherias,4
